Road_Type,Road_Length_km,Road_Width_m,Road_Thickness_m,Number_of_Lanes,Soil_Type,Construction_Quality,Aggregate_Required_m3,Sand_Required_m3,Cement_Required_tonnes,Bitumen_Required_tonnes,Steel_Required_tonnes,Material_Cost,Labour_Cost,Total_Construction_Cost
Asphalt,14.11,6.0,0.15,2,Medium,Premium,21651.8,1117.51,279.38,768.29,0.0,84665502.9,7682895.0,92348397.9
Concrete,10.95,11.0,0.15,4,Medium,Standard,24391.12,9937.12,5420.25,0.0,632.36,137584012.5,14454000.0,152038012.5
Asphalt,6.54,7.5,0.25,2,Medium,Standard,19006.88,981.0,245.25,674.44,0.0,74323012.5,6744375.0,81067387.5
Asphalt,16.37,10.0,0.22,4,Medium,Standard,55821.7,2881.12,720.28,1980.77,0.0,218280854.0,19807700.0,238088554.0
Asphalt,13.85,10.0,0.2,4,Weak,Standard,47228.5,2216.0,554.0,1523.5,0.0,175618000.0,15235000.0,190853000.0
Concrete,3.67,6.0,0.2,2,Medium,Standard,5945.4,2422.2,1321.2,0.0,154.14,33536460.0,3523200.0,37059660.0
Asphalt,18.26,5.5,0.2,2,Medium,Standard,31133.3,1606.88,401.72,1104.73,0.0,121741246.0,11047300.0,132788546.0
Asphalt,16.54,7.5,0.15,2,Medium,Standard,28841.62,1488.6,372.15,1023.41,0.0,112780057.5,10234125.0,123014182.5
Asphalt,19.02,10.0,0.22,4,Strong,Standard,61615.29,3347.52,836.88,2301.42,0.0,247779246.0,23014200.0,270793446.0
Concrete,14.65,6.0,0.25,2,Strong,Standard,28182.94,12086.25,6592.5,0.0,769.13,164669662.5,17580000.0,182249662.5
Asphalt,12.46,10.0,0.18,4,Medium,Premium,38239.74,1973.66,493.42,1356.89,0.0,149529718.8,13568940.0,163098658.8
Asphalt,8.66,7.5,0.18,2,Medium,Premium,19933.16,1028.81,257.2,707.31,0.0,77945066.1,7073055.0,85018121.1
Asphalt,18.69,7.5,0.2,2,Medium,Standard,43454.25,2242.8,560.7,1541.92,0.0,169920135.0,15419250.0,185339385.0
Asphalt,17.39,7.0,0.22,2,Strong,Standard,39434.43,2142.45,535.61,1472.93,0.0,158581322.9,14729330.0,173310652.9
Concrete,1.38,11.0,0.15,4,Medium,Premium,3381.35,1377.59,751.41,0.0,87.66,19073290.5,2003760.0,21077050.5
Asphalt,1.01,11.0,0.22,4,Medium,Premium,4167.36,215.09,53.77,147.87,0.0,16295725.82,1478741.0,17774466.82
Concrete,7.84,6.0,0.22,2,Strong,Standard,13272.34,5691.84,3104.64,0.0,362.21,77548732.8,8279040.0,85827772.8
Concrete,16.31,7.5,0.15,2,Medium,Standard,24770.81,10091.81,5504.62,0.0,642.21,139725731.25,14679000.0,154404731.25
Concrete,19.75,7.0,0.2,2,Strong,Standard,35461.12,15207.5,8295.0,0.0,967.75,207195275.0,22120000.0,229315275.0
Asphalt,3.43,7.0,0.22,2,Weak,Standard,9006.15,422.58,105.64,290.52,0.0,33489148.0,2905210.0,36394358.0
Concrete,12.09,10.0,0.18,4,Medium,Standard,29378.7,11969.1,6528.6,0.0,761.67,165717630.0,17409600.0,183127230.0
Asphalt,7.93,10.0,0.15,4,Medium,Standard,18437.25,951.6,237.9,654.22,0.0,72095595.0,6542250.0,78637845.0
Concrete,19.41,7.0,0.25,2,Strong,Standard,43563.32,18682.12,10190.25,0.0,1188.86,254535461.25,27174000.0,281709461.25
Concrete,16.92,10.0,0.2,4,Strong,Standard,43399.8,18612.0,10152.0,0.0,1184.4,253580040.0,27072000.0,280652040.0
Concrete,16.85,7.5,0.15,2,Medium,Premium,28150.03,11468.53,6255.56,0.0,729.82,158787028.13,16681500.0,175468528.13
Concrete,9.64,5.5,0.25,2,Medium,Standard,17894.25,7290.25,3976.5,0.0,463.93,100936825.0,10604000.0,111540825.0
Concrete,8.59,7.5,0.25,2,Medium,Standard,21743.44,8858.44,4831.88,0.0,563.72,122649093.75,12885000.0,135534093.75
Concrete,5.83,7.0,0.22,2,Strong,Standard,11514.54,4938.01,2693.46,0.0,314.24,67278141.7,7182560.0,74460701.7
Concrete,1.6,7.0,0.22,2,Medium,Standard,3326.4,1355.2,739.2,0.0,86.24,18763360.0,1971200.0,20734560.0
Concrete,17.36,7.5,0.22,2,Medium,Premium,42536.34,17329.62,9452.52,0.0,1102.79,239936466.0,25206720.0,265143186.0
Asphalt,16.35,10.0,0.15,4,Weak,Standard,41815.13,1962.0,490.5,1348.88,0.0,155488500.0,13488750.0,168977250.0
Asphalt,19.99,10.0,0.15,4,Medium,Standard,46476.75,2398.8,599.7,1649.18,0.0,181739085.0,16491750.0,198230835.0
Concrete,19.93,11.0,0.2,4,Medium,Premium,65111.31,26526.83,14469.18,0.0,1688.07,367276019.0,38584480.0,405860499.0
Concrete,11.33,7.0,0.22,2,Medium,Standard,23555.07,9596.51,5234.46,0.0,610.69,132868043.0,13958560.0,146826603.0
Concrete,15.5,6.0,0.25,2,Weak,Premium,37978.88,14066.25,7672.5,0.0,895.13,200968350.0,20460000.0,221428350.0
Asphalt,18.92,11.0,0.18,4,Strong,Standard,55162.21,2996.93,749.23,2060.39,0.0,221828864.4,20603880.0,242432744.4
Concrete,17.07,10.0,0.2,4,Weak,Standard,50697.9,18777.0,10242.0,0.0,1194.9,268272120.0,27312000.0,295584120.0
Asphalt,5.32,7.5,0.15,2,Medium,Standard,9276.75,478.8,119.7,329.18,0.0,36275085.0,3291750.0,39566835.0
Asphalt,9.29,10.0,0.2,4,Strong,Standard,27359.05,1486.4,371.6,1021.9,0.0,110021470.0,10219000.0,120240470.0
Asphalt,3.02,7.5,0.2,2,Medium,Premium,7723.65,398.64,99.66,274.07,0.0,30201963.0,2740650.0,32942613.0
Asphalt,19.1,11.0,0.2,4,Medium,Premium,71644.1,3697.76,924.44,2542.21,0.0,280151542.0,25422100.0,305573642.0
Asphalt,12.32,7.0,0.2,2,Medium,Standard,26734.4,1379.84,344.96,948.64,0.0,104540128.0,9486400.0,114026528.0
Concrete,4.96,10.0,0.18,4,Strong,Standard,11450.16,4910.4,2678.4,0.0,312.48,66901968.0,7142400.0,74044368.0
Concrete,13.6,7.5,0.22,2,Medium,Premium,33323.4,13576.2,7405.2,0.0,863.94,187968660.0,19747200.0,207715860.0
Concrete,12.55,7.0,0.25,2,Strong,Premium,30983.6,13287.31,7247.63,0.0,845.56,181033593.13,19327000.0,200360593.13
Concrete,7.48,6.0,0.2,2,Weak,Standard,13329.36,4936.8,2692.8,0.0,314.16,70533408.0,7180800.0,77714208.0
Concrete,2.71,7.5,0.2,2,Medium,Standard,5487.75,2235.75,1219.5,0.0,142.28,30954975.0,3252000.0,34206975.0
Asphalt,13.6,11.0,0.2,4,Medium,Standard,46376.0,2393.6,598.4,1645.6,0.0,181345120.0,16456000.0,197801120.0
Concrete,10.65,6.0,0.22,2,Strong,Premium,19832.32,8505.09,4639.14,0.0,541.23,115877985.3,12371040.0,128249025.3
Concrete,15.56,6.0,0.15,2,Weak,Standard,20795.94,7702.2,4201.2,0.0,490.14,110043432.0,11203200.0,121246632.0
Asphalt,10.64,5.5,0.15,2,Strong,Standard,12925.6,702.24,175.56,482.79,0.0,51978927.0,4827900.0,56806827.0
Concrete,17.12,10.0,0.18,4,Medium,Premium,45761.76,18643.68,10169.28,0.0,1186.42,258130224.0,27118080.0,285248304.0
Asphalt,11.26,7.5,0.15,2,Medium,Standard,19634.62,1013.4,253.35,696.71,0.0,76777717.5,6967125.0,83744842.5
Concrete,11.44,6.0,0.2,2,Weak,Standard,20386.08,7550.4,4118.4,0.0,480.48,107874624.0,10982400.0,118857024.0
Asphalt,17.59,5.5,0.2,2,Strong,Standard,28491.4,1547.92,386.98,1064.2,0.0,114575103.5,10641950.0,125217053.5
Concrete,8.37,11.0,0.2,4,Weak,Standard,27344.79,10127.7,5524.2,0.0,644.49,144697212.0,14731200.0,159428412.0
Concrete,3.11,7.0,0.18,2,Medium,Standard,5290.11,2155.23,1175.58,0.0,137.15,29840139.0,3134880.0,32975019.0
Asphalt,1.06,7.5,0.2,2,Medium,Standard,2464.5,127.2,31.8,87.45,0.0,9636990.0,874500.0,10511490.0
Asphalt,15.23,6.0,0.15,2,Strong,Standard,20183.56,1096.56,274.14,753.88,0.0,81166000.5,7538850.0,88704850.5
Asphalt,12.6,10.0,0.22,4,Medium,Standard,42966.0,2217.6,554.4,1524.6,0.0,168010920.0,15246000.0,183256920.0
Asphalt,14.23,5.5,0.22,2,Medium,Premium,29357.2,1515.21,378.8,1041.71,0.0,114796127.93,10417071.5,125213199.43
Asphalt,4.65,6.0,0.25,2,Medium,Premium,11892.38,613.8,153.45,421.99,0.0,46503022.5,4219875.0,50722897.5
Asphalt,3.16,10.0,0.15,4,Medium,Standard,7347.0,379.2,94.8,260.7,0.0,28729140.0,2607000.0,31336140.0
Asphalt,0.78,6.0,0.2,2,Medium,Standard,1450.8,74.88,18.72,51.48,0.0,5673096.0,514800.0,6187896.0
Asphalt,7.34,7.5,0.22,2,Strong,Standard,17833.45,968.88,242.22,666.1,0.0,71715286.5,6661050.0,78376336.5
Concrete,12.0,7.5,0.15,2,Strong,Standard,17313.75,7425.0,4050.0,0.0,472.5,101162250.0,10800000.0,111962250.0
Concrete,8.15,7.5,0.22,2,Weak,Standard,19969.54,7396.13,4034.25,0.0,470.66,105670455.0,10758000.0,116428455.0
Asphalt,9.03,11.0,0.2,4,Medium,Standard,30792.3,1589.28,397.32,1092.63,0.0,120407826.0,10926300.0,131334126.0
Concrete,18.13,11.0,0.22,4,Weak,Standard,65153.78,24131.03,13162.38,0.0,1535.61,344766606.8,35099680.0,379866286.8
Concrete,7.29,5.5,0.25,2,Medium,Standard,13532.06,5513.06,3007.12,0.0,350.83,76330856.25,8019000.0,84349856.25
Concrete,10.52,7.5,0.25,2,Medium,Standard,26628.75,10848.75,5917.5,0.0,690.38,150205875.0,15780000.0,165985875.0
Concrete,15.78,10.0,0.22,4,Medium,Standard,46866.6,19093.8,10414.8,0.0,1215.06,264362340.0,27772800.0,292135140.0
Asphalt,8.23,6.0,0.15,2,Medium,Standard,11480.85,592.56,148.14,407.38,0.0,44893827.0,4073850.0,48967677.0
Concrete,12.63,7.0,0.15,2,Medium,Standard,17903.03,7293.83,3978.45,0.0,464.15,100986322.5,10609200.0,111595522.5
Asphalt,17.32,10.0,0.15,4,Medium,Standard,40269.0,2078.4,519.6,1428.9,0.0,157464780.0,14289000.0,171753780.0
Concrete,19.02,11.0,0.22,4,Medium,Premium,68352.17,27847.18,15189.37,0.0,1772.09,385556892.6,40504992.0,426061884.6
Concrete,3.37,11.0,0.15,4,Medium,Premium,8257.34,3364.1,1834.96,0.0,214.08,46577528.25,4893240.0,51470768.25
Concrete,18.57,10.0,0.2,4,Weak,Standard,55152.9,20427.0,11142.0,0.0,1299.9,291846120.0,29712000.0,321558120.0
Asphalt,10.1,11.0,0.25,4,Medium,Standard,43051.25,2222.0,555.5,1527.62,0.0,168344275.0,15276250.0,183620525.0
Concrete,5.54,7.5,0.2,2,Medium,Standard,11218.5,4570.5,2493.0,0.0,290.85,63280650.0,6648000.0,69928650.0
Asphalt,9.45,5.5,0.15,2,Medium,Standard,12084.19,623.7,155.93,428.79,0.0,47253071.25,4287937.5,51541008.75
Concrete,19.61,6.0,0.2,2,Medium,Standard,31768.2,12942.6,7059.6,0.0,823.62,179196180.0,18825600.0,198021780.0
Asphalt,10.11,5.5,0.15,2,Medium,Premium,14220.98,733.99,183.5,504.62,0.0,55608614.32,5046153.75,60654768.08
Concrete,6.91,6.0,0.22,2,Weak,Standard,13544.98,5016.66,2736.36,0.0,319.24,71674389.6,7296960.0,78971349.6
Asphalt,12.85,6.0,0.2,2,Medium,Premium,26291.1,1356.96,339.24,932.91,0.0,102806682.0,9329100.0,112135782.0
Asphalt,5.18,5.5,0.22,2,Strong,Standard,9229.34,501.42,125.36,344.73,0.0,37114777.7,3447290.0,40562067.7
Concrete,1.98,10.0,0.22,4,Medium,Standard,5880.6,2395.8,1306.8,0.0,152.46,33170940.0,3484800.0,36655740.0
Asphalt,3.01,6.0,0.18,2,Medium,Premium,5542.61,286.07,71.52,196.67,0.0,21673408.68,1966734.0,23640142.68
Concrete,3.0,5.5,0.15,2,Medium,Standard,3341.25,1361.25,742.5,0.0,86.63,18847125.0,1980000.0,20827125.0
Concrete,3.46,6.0,0.25,2,Weak,Standard,7707.15,2854.5,1557.0,0.0,181.65,40783020.0,4152000.0,44935020.0
Concrete,3.21,7.0,0.15,2,Medium,Standard,4550.18,1853.78,1011.15,0.0,117.97,25666357.5,2696400.0,28362757.5
Concrete,13.0,10.0,0.25,4,Medium,Standard,43875.0,17875.0,9750.0,0.0,1137.5,247487500.0,26000000.0,273487500.0
Concrete,4.05,7.5,0.15,2,Weak,Premium,7442.63,2756.53,1503.56,0.0,175.42,39383313.75,4009500.0,43392813.75
Concrete,7.24,6.0,0.22,2,Medium,Standard,12901.68,5256.24,2867.04,0.0,334.49,72775032.0,7645440.0,80420472.0
Concrete,17.99,7.0,0.2,2,Medium,Premium,37401.21,15237.53,8311.38,0.0,969.66,210970529.0,22163680.0,233134209.0
Concrete,9.74,7.5,0.2,2,Medium,Premium,21695.85,8839.05,4821.3,0.0,562.48,122380665.0,12856800.0,135237465.0
Concrete,13.52,7.5,0.18,2,Strong,Premium,25749.01,11042.46,6023.16,0.0,702.7,150448498.2,16061760.0,166510258.2
Concrete,3.86,6.0,0.25,2,Weak,Standard,8598.15,3184.5,1737.0,0.0,202.65,45497820.0,4632000.0,50129820.0
Concrete,4.25,5.5,0.25,2,Medium,Standard,7889.06,3214.06,1753.12,0.0,204.53,44500156.25,4675000.0,49175156.25
Asphalt,1.3,6.0,0.25,2,Weak,Premium,3657.23,171.6,42.9,117.98,0.0,13599300.0,1179750.0,14779050.0
Asphalt,3.79,7.0,0.22,2,Strong,Standard,8594.39,466.93,116.73,321.01,0.0,34561426.9,3210130.0,37771556.9
Concrete,5.93,7.5,0.25,2,Weak,Standard,16511.34,6115.31,3335.62,0.0,389.16,87371137.5,8895000.0,96266137.5
Concrete,3.95,6.0,0.2,2,Medium,Standard,6399.0,2607.0,1422.0,0.0,165.9,36095100.0,3792000.0,39887100.0
Concrete,2.23,5.5,0.22,2,Medium,Standard,3642.71,1484.07,809.49,0.0,94.44,20547554.5,2158640.0,22706194.5
Concrete,2.85,6.0,0.15,2,Medium,Standard,3462.75,1410.75,769.5,0.0,89.78,19532475.0,2052000.0,21584475.0
Concrete,9.49,10.0,0.25,4,Medium,Standard,32028.75,13048.75,7117.5,0.0,830.38,180665875.0,18980000.0,199645875.0
Concrete,4.52,5.5,0.25,2,Medium,Standard,8390.25,3418.25,1864.5,0.0,217.53,47327225.0,4972000.0,52299225.0
Concrete,7.6,7.0,0.15,2,Medium,Premium,11850.3,4827.9,2633.4,0.0,307.23,66844470.0,7022400.0,73866870.0
Concrete,10.32,7.5,0.25,2,Medium,Standard,26122.5,10642.5,5805.0,0.0,677.25,147350250.0,15480000.0,162830250.0
Asphalt,13.96,6.0,0.15,2,Medium,Premium,21421.62,1105.63,276.41,760.12,0.0,83765444.4,7601220.0,91366664.4
Concrete,1.27,5.5,0.22,2,Medium,Standard,2074.54,845.18,461.01,0.0,53.78,11701970.5,1229360.0,12931330.5
Asphalt,16.09,10.0,0.2,4,Medium,Premium,54866.9,2831.84,707.96,1946.89,0.0,214547278.0,19468900.0,234016178.0
Concrete,12.74,5.5,0.15,2,Medium,Standard,14189.18,5780.78,3153.15,0.0,367.87,80037457.5,8408400.0,88445857.5
Concrete,2.09,11.0,0.18,4,Medium,Premium,6145.23,2503.61,1365.61,0.0,159.32,34663632.3,3641616.0,38305248.3
Asphalt,17.53,10.0,0.15,4,Strong,Standard,38719.39,2103.6,525.9,1446.22,0.0,155705842.5,14462250.0,170168092.5
Concrete,18.46,7.0,0.25,2,Medium,Premium,47972.92,19544.53,10660.65,0.0,1243.74,270602832.5,28428400.0,299031232.5
Asphalt,1.69,7.5,0.22,2,Weak,Standard,4754.39,223.08,55.77,153.37,0.0,17679090.0,1533675.0,19212765.0
Concrete,5.9,7.0,0.22,2,Weak,Premium,14841.98,5497.03,2998.38,0.0,349.81,78537566.8,7995680.0,86533246.8
Concrete,16.22,6.0,0.15,2,Strong,Premium,20594.13,8831.79,4817.34,0.0,562.02,120329124.3,12846240.0,133175364.3
Asphalt,15.09,5.5,0.2,2,Medium,Standard,25728.45,1327.92,331.98,912.94,0.0,100606539.0,9129450.0,109735989.0
Concrete,4.1,11.0,0.18,4,Weak,Standard,12055.23,4464.9,2435.4,0.0,284.13,63791244.0,6494400.0,70285644.0
Asphalt,4.58,10.0,0.22,4,Medium,Premium,17179.58,886.69,221.67,609.6,0.0,67177699.6,6095980.0,73273679.6
Concrete,7.72,10.0,0.25,4,Medium,Standard,26055.0,10615.0,5790.0,0.0,675.5,146969500.0,15440000.0,162409500.0
Asphalt,9.95,5.5,0.25,2,Medium,Premium,23326.53,1203.95,300.99,827.72,0.0,91214261.88,8277156.25,99491418.12
Asphalt,12.56,11.0,0.2,4,Medium,Standard,42829.6,2210.56,552.64,1519.76,0.0,167477552.0,15197600.0,182675152.0
Concrete,7.69,5.5,0.22,2,Weak,Standard,13817.78,5117.7,2791.47,0.0,325.67,73117904.2,7443920.0,80561824.2
Concrete,9.52,6.0,0.15,2,Strong,Premium,12087.31,5183.64,2827.44,0.0,329.87,70624738.8,7539840.0,78164578.8
Asphalt,15.08,7.0,0.25,2,Medium,Standard,40904.5,2111.2,527.8,1451.45,0.0,159949790.0,14514500.0,174464290.0
Concrete,1.22,10.0,0.2,4,Medium,Premium,3623.4,1476.2,805.2,0.0,93.94,20438660.0,2147200.0,22585860.0
Concrete,5.42,6.0,0.22,2,Medium,Standard,9658.44,3934.92,2146.32,0.0,250.4,54480756.0,5723520.0,60204276.0
Concrete,14.41,7.0,0.22,2,Medium,Standard,29958.39,12205.27,6657.42,0.0,776.7,168987511.0,17753120.0,186740631.0
Asphalt,17.96,6.0,0.22,2,Medium,Standard,36746.16,1896.58,474.14,1303.9,0.0,143689339.2,13038960.0,156728299.2
Asphalt,10.48,11.0,0.22,4,Medium,Standard,39310.48,2028.93,507.23,1394.89,0.0,153716657.6,13948880.0,167665537.6
Asphalt,10.88,10.0,0.22,4,Medium,Standard,37100.8,1914.88,478.72,1316.48,0.0,145076096.0,13164800.0,158240896.0
Asphalt,2.59,5.5,0.25,2,Strong,Standard,5243.94,284.9,71.23,195.87,0.0,21087941.88,1958687.5,23046629.38
Asphalt,9.22,5.5,0.2,2,Strong,Standard,14934.1,811.36,202.84,557.81,0.0,60055853.0,5578100.0,65633953.0
Asphalt,10.89,7.0,0.22,2,Weak,Standard,28593.87,1341.65,335.41,922.38,0.0,106325604.0,9223830.0,115549434.0
Asphalt,5.23,7.5,0.18,2,Weak,Premium,13241.97,621.32,155.33,427.16,0.0,49239927.0,4271602.5,53511529.5
Asphalt,5.75,11.0,0.18,4,Strong,Standard,16764.41,910.8,227.7,626.17,0.0,67416277.5,6261750.0,73678027.5
Asphalt,7.86,7.0,0.2,2,Medium,Standard,17056.2,880.32,220.08,605.22,0.0,66695244.0,6052200.0,72747444.0
Concrete,0.89,7.5,0.15,2,Strong,Standard,1284.1,550.69,300.38,0.0,35.04,7502866.88,801000.0,8303866.88
Asphalt,6.78,6.0,0.15,2,Medium,Standard,9458.1,488.16,122.04,335.61,0.0,36984222.0,3356100.0,40340322.0
Concrete,4.62,11.0,0.15,4,Medium,Premium,11320.16,4611.92,2515.59,0.0,293.49,63854059.5,6708240.0,70562299.5
Concrete,6.89,6.0,0.18,2,Medium,Standard,10045.62,4092.66,2232.36,0.0,260.44,56664738.0,5952960.0,62617698.0
Concrete,2.84,10.0,0.15,4,Medium,Standard,5751.0,2343.0,1278.0,0.0,149.1,32439900.0,3408000.0,35847900.0
Asphalt,17.87,11.0,0.25,4,Medium,Standard,76170.88,3931.4,982.85,2702.84,0.0,297852692.5,27028375.0,324881067.5
Asphalt,12.08,7.5,0.22,2,Weak,Standard,33984.06,1594.56,398.64,1096.26,0.0,126368880.0,10962600.0,137331480.0
Asphalt,13.74,10.0,0.18,4,Medium,Premium,42168.06,2176.42,544.1,1496.29,0.0,164890717.2,14962860.0,179853577.2
Asphalt,15.89,5.5,0.2,2,Medium,Standard,27092.45,1398.32,349.58,961.34,0.0,105940219.0,9613450.0,115553669.0
Concrete,10.22,7.5,0.2,2,Medium,Premium,22765.05,9274.65,5058.9,0.0,590.21,128411745.0,13490400.0,141902145.0
Asphalt,2.19,7.0,0.22,2,Strong,Standard,4966.15,269.81,67.45,185.49,0.0,19970850.9,1854930.0,21825780.9
Asphalt,10.97,5.5,0.18,2,Medium,Standard,16833.46,868.82,217.21,597.32,0.0,65824278.3,5973165.0,71797443.3
Asphalt,11.94,5.5,0.15,2,Strong,Premium,15955.35,866.84,216.71,595.96,0.0,64162709.32,5959552.5,70122261.82
Asphalt,15.04,7.0,0.15,2,Weak,Standard,26925.36,1263.36,315.84,868.56,0.0,100121280.0,8685600.0,108806880.0
Asphalt,8.92,11.0,0.25,4,Medium,Standard,38021.5,1962.4,490.6,1349.15,0.0,148676330.0,13491500.0,162167830.0
Concrete,2.99,5.5,0.25,2,Strong,Standard,5272.68,2261.19,1233.38,0.0,143.89,30807651.88,3289000.0,34096651.88
Asphalt,6.03,7.5,0.15,2,Weak,Standard,11566.29,542.7,135.68,373.11,0.0,43008975.0,3731062.5,46740037.5
Concrete,7.58,10.0,0.2,4,Weak,Standard,22512.6,8338.0,4548.0,0.0,530.6,119127280.0,12128000.0,131255280.0
Asphalt,13.1,5.5,0.2,2,Medium,Standard,22335.5,1152.8,288.2,792.55,0.0,87339010.0,7925500.0,95264510.0
Concrete,11.63,7.5,0.25,2,Weak,Standard,32382.28,11993.44,6541.88,0.0,763.22,171353512.5,17445000.0,188798512.5
Asphalt,7.44,6.0,0.22,2,Medium,Standard,15222.24,785.66,196.42,540.14,0.0,59523868.8,5401440.0,64925308.8
Asphalt,19.74,7.5,0.15,2,Strong,Standard,32700.54,1776.6,444.15,1221.41,0.0,131501711.25,12214125.0,143715836.25
Concrete,12.31,10.0,0.25,4,Medium,Standard,41546.25,16926.25,9232.5,0.0,1077.12,234351625.0,24620000.0,258971625.0
Concrete,5.13,7.5,0.25,2,Medium,Standard,12985.31,5290.31,2885.62,0.0,336.66,73246781.25,7695000.0,80941781.25
Concrete,2.48,7.0,0.15,2,Medium,Standard,3515.4,1432.2,781.2,0.0,91.14,19829460.0,2083200.0,21912660.0
Asphalt,3.48,10.0,0.15,4,Medium,Premium,8900.1,459.36,114.84,315.81,0.0,34802262.0,3158100.0,37960362.0
Concrete,5.3,11.0,0.2,4,Weak,Standard,17315.1,6413.0,3498.0,0.0,408.1,91624280.0,9328000.0,100952280.0
Asphalt,3.63,6.0,0.22,2,Medium,Premium,8169.68,421.66,105.42,289.89,0.0,31946076.36,2898918.0,34844994.36
Asphalt,4.14,7.0,0.22,2,Medium,Standard,9882.18,510.05,127.51,350.66,0.0,38642511.6,3506580.0,42149091.6
Concrete,6.06,11.0,0.15,4,Medium,Standard,13498.65,5499.45,2999.7,0.0,349.96,76142385.0,7999200.0,84141585.0
Concrete,3.88,7.5,0.18,2,Medium,Standard,7071.3,2880.9,1571.4,0.0,183.33,39887370.0,4190400.0,44077770.0
Asphalt,17.99,10.0,0.25,4,Medium,Standard,69711.25,3598.0,899.5,2473.62,0.0,272593475.0,24736250.0,297329725.0
Asphalt,2.06,6.0,0.25,2,Weak,Standard,5268.45,247.2,61.8,169.95,0.0,19590600.0,1699500.0,21290100.0
Concrete,10.73,7.0,0.15,2,Weak,Standard,16730.75,6196.58,3379.95,0.0,394.33,88532157.0,9013200.0,97545357.0
Concrete,8.5,11.0,0.18,4,Strong,Standard,21584.48,9256.5,5049.0,0.0,589.05,126115605.0,13464000.0,139579605.0
Concrete,19.66,11.0,0.2,4,Medium,Premium,64229.22,26167.46,14273.16,0.0,1665.2,362300378.0,38061760.0,400362138.0
Asphalt,2.68,6.0,0.15,2,Weak,Standard,4112.46,192.96,48.24,132.66,0.0,15292080.0,1326600.0,16618680.0
Asphalt,8.26,7.5,0.15,2,Medium,Standard,14403.38,743.4,185.85,511.09,0.0,56321842.5,5110875.0,61432717.5
Asphalt,19.4,6.0,0.25,2,Medium,Premium,49615.5,2560.8,640.2,1760.55,0.0,194012610.0,17605500.0,211618110.0
Asphalt,17.38,11.0,0.15,4,Medium,Standard,44449.35,2294.16,573.54,1577.24,0.0,173811297.0,15772350.0,189583647.0
Asphalt,16.43,5.5,0.15,2,Medium,Standard,21009.86,1084.38,271.1,745.51,0.0,82155339.75,7455112.5,89610452.25
Asphalt,5.53,7.0,0.15,2,Weak,Standard,9900.08,464.52,116.13,319.36,0.0,36813210.0,3193575.0,40006785.0
Concrete,3.83,6.0,0.25,2,Medium,Premium,8531.33,3475.73,1895.85,0.0,221.18,48122992.5,5055600.0,53178592.5
Asphalt,13.54,11.0,0.2,4,Medium,Premium,50788.54,2621.34,655.34,1802.17,0.0,198599574.8,18021740.0,216621314.8
Asphalt,18.62,7.5,0.2,2,Medium,Standard,43291.5,2234.4,558.6,1536.15,0.0,169283730.0,15361500.0,184645230.0
Asphalt,11.36,11.0,0.15,4,Medium,Standard,29053.2,1499.52,374.88,1030.92,0.0,113607384.0,10309200.0,123916584.0
Concrete,11.65,7.5,0.25,2,Weak,Premium,35681.77,13215.47,7208.44,0.0,840.98,188813006.25,19222500.0,208035506.25
Asphalt,5.96,6.0,0.2,2,Strong,Standard,10531.32,572.16,143.04,393.36,0.0,42350568.0,3933600.0,46284168.0
Asphalt,15.51,7.5,0.2,2,Strong,Standard,34257.71,1861.2,465.3,1279.58,0.0,137763697.5,12795750.0,150559447.5
Concrete,4.15,10.0,0.2,4,Strong,Standard,10644.75,4565.0,2490.0,0.0,290.5,62196050.0,6640000.0,68836050.0
Asphalt,6.81,10.0,0.25,4,Strong,Standard,25069.31,1362.0,340.5,936.38,0.0,100813537.5,9363750.0,110177287.5
Asphalt,8.8,10.0,0.25,4,Strong,Standard,32395.0,1760.0,440.0,1210.0,0.0,130273000.0,12100000.0,142373000.0
Asphalt,10.4,5.5,0.15,2,Medium,Standard,13299.0,686.4,171.6,471.9,0.0,52003380.0,4719000.0,56722380.0
Asphalt,5.23,6.0,0.22,2,Medium,Standard,10700.58,552.29,138.07,379.7,0.0,41842719.6,3796980.0,45639699.6
Asphalt,2.74,11.0,0.2,4,Medium,Standard,9343.4,482.24,120.56,331.54,0.0,36535708.0,3315400.0,39851108.0
Concrete,12.41,11.0,0.22,4,Medium,Premium,44597.82,18169.48,9910.63,0.0,1156.24,251564723.3,26428336.0,277993059.3
Concrete,6.13,5.5,0.25,2,Medium,Standard,11378.81,4635.81,2528.62,0.0,295.01,64184931.25,6743000.0,70927931.25
Concrete,11.83,7.5,0.25,2,Medium,Standard,29944.69,12199.69,6654.38,0.0,776.34,168910218.75,17745000.0,186655218.75
Asphalt,3.51,5.5,0.25,2,Weak,Standard,8228.76,386.1,96.52,265.44,0.0,30598425.0,2654437.5,33252862.5
Asphalt,9.88,7.5,0.22,2,Medium,Standard,25268.1,1304.16,326.04,896.61,0.0,98806422.0,8966100.0,107772522.0
Asphalt,10.89,7.5,0.25,2,Strong,Standard,30066.61,1633.5,408.38,1123.03,0.0,120909628.12,11230312.5,132139940.62
Concrete,1.51,7.0,0.15,2,Medium,Standard,2140.43,872.03,475.65,0.0,55.49,12073582.5,1268400.0,13341982.5
Asphalt,7.06,11.0,0.25,4,Medium,Premium,33102.58,1708.52,427.13,1174.61,0.0,129441746.5,11746075.0,141187821.5
Asphalt,3.12,10.0,0.18,4,Medium,Premium,9575.28,494.21,123.55,339.77,0.0,37442433.6,3397680.0,40840113.6
Concrete,1.74,7.5,0.22,2,Medium,Standard,3875.85,1579.05,861.3,0.0,100.49,21862665.0,2296800.0,24159465.0
Asphalt,19.8,7.0,0.18,2,Strong,Standard,36735.93,1995.84,498.96,1372.14,0.0,147729582.0,13721400.0,161450982.0
Concrete,6.79,11.0,0.25,4,Medium,Standard,25207.88,10269.88,5601.75,0.0,653.54,142191087.5,14938000.0,157129087.5
Concrete,16.29,10.0,0.15,4,Medium,Premium,36285.98,14783.18,8063.55,0.0,940.75,204679777.5,21502800.0,226182577.5
Concrete,5.47,7.5,0.2,2,Medium,Premium,12184.42,4964.03,2707.65,0.0,315.89,68729182.5,7220400.0,75949582.5
Asphalt,13.79,7.5,0.25,2,Medium,Standard,40077.19,2068.5,517.12,1422.09,0.0,156714731.25,14220937.5,170935668.75
Asphalt,15.32,5.5,0.15,2,Medium,Standard,19590.45,1011.12,252.78,695.14,0.0,76604979.0,6951450.0,83556429.0
Asphalt,12.11,5.5,0.22,2,Medium,Premium,24983.54,1289.47,322.37,886.51,0.0,97693683.01,8865125.5,106558808.51
Asphalt,9.7,11.0,0.18,4,Medium,Standard,29769.3,1536.48,384.12,1056.33,0.0,116407566.0,10563300.0,126970866.0
Asphalt,8.53,10.0,0.18,4,Medium,Standard,23798.7,1228.32,307.08,844.47,0.0,93060594.0,8444700.0,101505294.0
Asphalt,7.3,7.5,0.18,2,Medium,Standard,15275.25,788.4,197.1,542.02,0.0,59731155.0,5420250.0,65151405.0
Asphalt,18.63,11.0,0.22,4,Strong,Standard,66387.07,3606.77,901.69,2479.65,0.0,266968458.9,24796530.0,291764988.9
Concrete,16.7,11.0,0.15,4,Weak,Premium,45011.09,16670.78,9093.15,0.0,1060.87,238179909.0,24248400.0,262428309.0
Asphalt,19.32,6.0,0.22,2,Strong,Premium,41307.51,2244.21,561.05,1542.9,0.0,166113707.76,15428952.0,181542659.76
Concrete,2.92,5.5,0.18,2,Medium,Standard,3902.58,1589.94,867.24,0.0,101.18,22013442.0,2312640.0,24326082.0
Asphalt,14.75,10.0,0.25,4,Medium,Standard,57156.25,2950.0,737.5,2028.12,0.0,223499375.0,20281250.0,243780625.0
Asphalt,18.8,7.5,0.2,2,Weak,Standard,48081.0,2256.0,564.0,1551.0,0.0,178788000.0,15510000.0,194298000.0
Asphalt,4.03,11.0,0.22,4,Medium,Standard,15116.53,780.21,195.05,536.39,0.0,59110508.6,5363930.0,64474438.6
Concrete,1.8,7.5,0.22,2,Medium,Standard,4009.5,1633.5,891.0,0.0,103.95,22616550.0,2376000.0,24992550.0
Concrete,14.95,6.0,0.15,2,Weak,Standard,19980.68,7400.25,4036.5,0.0,470.93,105729390.0,10764000.0,116493390.0
Concrete,11.7,10.0,0.15,4,Medium,Standard,23692.5,9652.5,5265.0,0.0,614.25,133643250.0,14040000.0,147683250.0
Concrete,16.92,11.0,0.22,4,Strong,Standard,52513.76,22520.52,12283.92,0.0,1433.12,306831848.4,32757120.0,339588968.4
Asphalt,3.23,7.5,0.18,2,Weak,Standard,7434.65,348.84,87.21,239.83,0.0,27645570.0,2398275.0,30043845.0
Concrete,16.01,5.5,0.2,2,Medium,Standard,23774.85,9686.05,5283.3,0.0,616.39,134107765.0,14088800.0,148196565.0
Asphalt,4.43,6.0,0.15,2,Medium,Standard,6179.85,318.96,79.74,219.28,0.0,24165207.0,2192850.0,26358057.0
Asphalt,3.69,10.0,0.18,4,Medium,Standard,10295.1,531.36,132.84,365.31,0.0,40257162.0,3653100.0,43910262.0
Concrete,3.7,6.0,0.25,2,Medium,Premium,8241.75,3357.75,1831.5,0.0,213.68,46489575.0,4884000.0,51373575.0
Concrete,16.38,5.5,0.15,2,Weak,Standard,20067.55,7432.42,4054.05,0.0,472.97,106189083.0,10810800.0,116999883.0
Concrete,13.47,10.0,0.18,4,Weak,Standard,36005.31,13335.3,7273.8,0.0,848.61,190525068.0,19396800.0,209921868.0
Concrete,10.7,6.0,0.18,2,Weak,Premium,18876.73,6991.38,3813.48,0.0,444.91,99887752.8,10169280.0,110057032.8
Concrete,7.5,7.0,0.2,2,Weak,Premium,17151.75,6352.5,3465.0,0.0,404.25,90759900.0,9240000.0,99999900.0
Concrete,17.61,5.5,0.2,2,Medium,Standard,26150.85,10654.05,5811.3,0.0,677.98,147510165.0,15496800.0,163006965.0
Concrete,8.15,5.5,0.25,2,Strong,Premium,15809.22,6779.78,3698.06,0.0,431.44,92371437.81,9861500.0,102232937.81
Concrete,16.42,5.5,0.18,2,Strong,Standard,20848.06,8940.69,4876.74,0.0,568.95,121812837.3,13004640.0,134817477.3
Asphalt,9.06,7.0,0.18,2,Medium,Standard,17694.18,913.25,228.31,627.86,0.0,69189951.6,6278580.0,75468531.6
Concrete,7.85,7.0,0.2,2,Weak,Standard,16320.15,6044.5,3297.0,0.0,384.65,86359420.0,8792000.0,95151420.0
Concrete,9.52,7.5,0.15,2,Medium,Standard,14458.5,5890.5,3213.0,0.0,374.85,81556650.0,8568000.0,90124650.0
Asphalt,6.38,11.0,0.15,4,Medium,Standard,16316.85,842.16,210.54,578.98,0.0,63804147.0,5789850.0,69593997.0
Concrete,15.08,6.0,0.22,2,Medium,Standard,26872.56,10948.08,5971.68,0.0,696.7,151581144.0,15924480.0,167505624.0
Asphalt,10.3,7.5,0.2,2,Medium,Standard,23947.5,1236.0,309.0,849.75,0.0,93642450.0,8497500.0,102139950.0
Asphalt,5.03,6.0,0.22,2,Medium,Standard,10291.38,531.17,132.79,365.18,0.0,40242615.6,3651780.0,43894395.6
Concrete,18.04,11.0,0.2,4,Medium,Standard,53578.8,21828.4,11906.4,0.0,1389.08,302224120.0,31750400.0,333974520.0
Asphalt,7.99,7.0,0.25,2,Medium,Standard,21672.88,1118.6,279.65,769.04,0.0,84747932.5,7690375.0,92438307.5
Asphalt,11.1,11.0,0.18,4,Strong,Standard,32362.6,1758.24,439.56,1208.79,0.0,130142727.0,12087900.0,142230627.0
Asphalt,18.18,7.0,0.25,2,Medium,Premium,54244.58,2799.72,699.93,1924.81,0.0,212113786.5,19248075.0,231361861.5
Asphalt,12.67,11.0,0.2,4,Medium,Premium,47525.17,2452.91,613.23,1686.38,0.0,185838745.4,16863770.0,202702515.4
Concrete,2.78,7.5,0.18,2,Strong,Premium,5294.54,2270.57,1238.49,0.0,144.49,30935416.05,3302640.0,34238056.05
Asphalt,18.83,10.0,0.15,4,Strong,Standard,41590.76,2259.6,564.9,1553.48,0.0,167252767.5,15534750.0,182787517.5
Concrete,12.74,7.5,0.15,2,Medium,Premium,21283.76,8671.16,4729.73,0.0,551.8,120056186.25,12612600.0,132668786.25
Asphalt,7.03,6.0,0.22,2,Medium,Standard,14383.38,742.37,185.59,510.38,0.0,56243655.6,5103780.0,61347435.6
Asphalt,3.22,7.5,0.2,2,Medium,Standard,7486.5,386.4,96.6,265.65,0.0,29274630.0,2656500.0,31931130.0
Asphalt,15.98,5.5,0.2,2,Strong,Standard,25883.6,1406.24,351.56,966.79,0.0,104088127.0,9667900.0,113756027.0
Asphalt,12.59,6.0,0.15,2,Strong,Standard,16684.9,906.48,226.62,623.21,0.0,67096516.5,6232050.0,73328566.5
Concrete,10.9,11.0,0.25,4,Weak,Standard,44512.88,16486.25,8992.5,0.0,1049.12,235543550.0,23980000.0,259523550.0
Concrete,17.93,6.0,0.18,2,Medium,Standard,26141.94,10650.42,5809.32,0.0,677.75,147459906.0,15491520.0,162951426.0
Asphalt,15.88,10.0,0.25,4,Medium,Premium,67688.5,3493.6,873.4,2401.85,0.0,264683870.0,24018500.0,288702370.0
Asphalt,3.46,7.0,0.25,2,Medium,Standard,9385.25,484.4,121.1,333.02,0.0,36699355.0,3330250.0,40029605.0
Concrete,6.58,11.0,0.15,4,Weak,Standard,16122.65,5971.35,3257.1,0.0,380.0,85314306.0,8685600.0,93999906.0
Asphalt,5.35,6.0,0.15,2,Strong,Premium,7799.1,423.72,105.93,291.31,0.0,31363224.75,2913075.0,34276299.75
Asphalt,15.01,11.0,0.15,4,Medium,Standard,38388.08,1981.32,495.33,1362.16,0.0,150109756.5,13621575.0,163731331.5
Asphalt,1.15,11.0,0.22,4,Strong,Standard,4097.97,222.64,55.66,153.06,0.0,16479534.5,1530650.0,18010184.5
Concrete,11.61,11.0,0.25,4,Strong,Standard,40947.02,17560.12,9578.25,0.0,1117.46,239248721.25,25542000.0,264790721.25
Concrete,15.37,7.0,0.2,2,Medium,Standard,29049.3,11834.9,6455.4,0.0,753.13,163859570.0,17214400.0,181073970.0
Concrete,17.6,7.5,0.18,2,Medium,Standard,32076.0,13068.0,7128.0,0.0,831.6,180932400.0,19008000.0,199940400.0
Asphalt,7.17,11.0,0.22,4,Medium,Standard,26894.67,1388.11,347.03,954.33,0.0,105166835.4,9543270.0,114710105.4
Asphalt,16.51,5.5,0.2,2,Weak,Standard,30964.5,1452.88,363.22,998.86,0.0,115140740.0,9988550.0,125129290.0
Concrete,2.66,10.0,0.25,4,Medium,Standard,8977.5,3657.5,1995.0,0.0,232.75,50639750.0,5320000.0,55959750.0
Concrete,17.01,7.0,0.15,2,Weak,Standard,26522.84,9823.28,5358.15,0.0,625.12,140347809.0,14288400.0,154636209.0
Concrete,2.99,6.0,0.25,2,Medium,Standard,6054.75,2466.75,1345.5,0.0,156.98,34153275.0,3588000.0,37741275.0
Concrete,8.25,7.0,0.18,2,Medium,Standard,14033.25,5717.25,3118.5,0.0,363.83,79157925.0,8316000.0,87473925.0
Asphalt,16.05,6.0,0.22,2,Weak,Premium,39734.34,1864.37,466.09,1281.75,0.0,147751164.0,12817530.0,160568694.0
Concrete,3.42,7.0,0.22,2,Weak,Standard,7821.2,2896.74,1580.04,0.0,184.34,41386514.4,4213440.0,45599954.4
Asphalt,4.97,6.0,0.18,2,Weak,Standard,9151.76,429.41,107.35,295.22,0.0,34030584.0,2952180.0,36982764.0
Concrete,14.58,11.0,0.2,4,Medium,Standard,43302.6,17641.8,9622.8,0.0,1122.66,244258740.0,25660800.0,269919540.0
Asphalt,14.54,7.5,0.2,2,Medium,Standard,33805.5,1744.8,436.2,1199.55,0.0,132190410.0,11995500.0,144185910.0
Concrete,13.0,6.0,0.22,2,Medium,Standard,23166.0,9438.0,5148.0,0.0,600.6,130673400.0,13728000.0,144401400.0
Concrete,14.03,6.0,0.22,2,Weak,Standard,27501.61,10185.78,5555.88,0.0,648.19,145527016.8,14815680.0,160342696.8
Concrete,11.08,5.5,0.15,2,Weak,Premium,14931.82,5530.3,3016.53,0.0,351.93,79012975.8,8044080.0,87057055.8
Concrete,5.41,6.0,0.2,2,Weak,Premium,10604.68,3927.66,2142.36,0.0,249.94,56115549.6,5712960.0,61828509.6
Asphalt,7.24,5.5,0.18,2,Weak,Standard,12220.76,573.41,143.35,394.22,0.0,45442584.0,3942180.0,49384764.0
Concrete,4.04,10.0,0.2,4,Strong,Premium,11398.86,4888.4,2666.4,0.0,311.08,66602228.0,7110400.0,73712628.0
Asphalt,18.21,11.0,0.15,4,Medium,Standard,46572.08,2403.72,600.93,1652.56,0.0,182111836.5,16525575.0,198637411.5
Asphalt,11.88,5.5,0.22,2,Medium,Standard,22280.94,1149.98,287.5,790.61,0.0,87125662.8,7906140.0,95031802.8
Asphalt,8.32,7.5,0.22,2,Weak,Standard,23406.24,1098.24,274.56,755.04,0.0,87035520.0,7550400.0,94585920.0
Asphalt,9.51,11.0,0.15,4,Medium,Standard,24321.82,1255.32,313.83,863.03,0.0,95106181.5,8630325.0,103736506.5
Concrete,18.97,5.5,0.18,2,Medium,Premium,27888.75,11362.08,6197.5,0.0,723.04,157313182.95,16526664.0,173839846.95
Asphalt,3.49,11.0,0.22,4,Medium,Standard,13090.99,675.66,168.92,464.52,0.0,51189993.8,4645190.0,55835183.8
Asphalt,11.93,11.0,0.25,4,Medium,Standard,50851.62,2624.6,656.15,1804.41,0.0,198846257.5,18044125.0,216890382.5
Asphalt,10.36,11.0,0.22,4,Weak,Premium,47021.04,2206.27,551.57,1516.81,0.0,174846548.8,15168076.0,190014624.8
Concrete,12.42,10.0,0.25,4,Medium,Standard,41917.5,17077.5,9315.0,0.0,1086.75,236445750.0,24840000.0,261285750.0
Concrete,0.85,7.5,0.15,2,Medium,Standard,1290.94,525.94,286.88,0.0,33.47,7281843.75,765000.0,8046843.75
Concrete,17.51,7.0,0.15,2,Medium,Standard,24820.43,10112.03,5515.65,0.0,643.49,140005582.5,14708400.0,154713982.5
Concrete,18.68,7.0,0.22,2,Strong,Premium,40583.33,17404.16,9493.18,0.0,1107.54,237123714.52,25315136.0,262438850.52
Asphalt,11.52,5.5,0.2,2,Medium,Premium,21605.76,1115.14,278.78,766.66,0.0,84485491.2,7666560.0,92152051.2
Asphalt,14.08,11.0,0.25,4,Medium,Standard,60016.0,3097.6,774.4,2129.6,0.0,234681920.0,21296000.0,255977920.0
Concrete,18.49,5.5,0.18,2,Medium,Standard,24711.88,10067.8,5491.53,0.0,640.68,139393336.5,14644080.0,154037416.5
Asphalt,14.29,10.0,0.22,4,Medium,Standard,48728.9,2515.04,628.76,1729.09,0.0,190545718.0,17290900.0,207836618.0
Asphalt,3.47,10.0,0.18,4,Medium,Premium,10649.43,549.65,137.41,377.88,0.0,41642706.6,3778830.0,45421536.6
Asphalt,11.74,6.0,0.22,2,Medium,Standard,24020.04,1239.74,309.94,852.32,0.0,93926104.8,8523240.0,102449344.8
Concrete,12.33,10.0,0.2,4,Medium,Standard,33291.0,13563.0,7398.0,0.0,863.1,187785900.0,19728000.0,207513900.0
Concrete,8.77,6.0,0.2,2,Weak,Premium,17190.95,6367.02,3472.92,0.0,405.17,90967351.2,9261120.0,100228471.2
Asphalt,14.86,7.5,0.2,2,Medium,Standard,34549.5,1783.2,445.8,1225.95,0.0,135099690.0,12259500.0,147359190.0
Concrete,18.72,5.5,0.2,2,Medium,Standard,27799.2,11325.6,6177.6,0.0,720.72,156808080.0,16473600.0,173281680.0
Concrete,18.55,7.5,0.15,2,Strong,Standard,26764.17,11477.81,6260.62,0.0,730.41,156379978.12,16695000.0,173074978.12
Concrete,9.29,10.0,0.15,4,Medium,Premium,20693.48,8430.68,4598.55,0.0,536.5,116726527.5,12262800.0,128989327.5
Concrete,2.71,7.5,0.25,2,Medium,Standard,6859.69,2794.69,1524.38,0.0,177.84,38693718.75,4065000.0,42758718.75
Concrete,19.7,7.5,0.18,2,Weak,Standard,39493.58,14627.25,7978.5,0.0,930.82,208983510.0,21276000.0,230259510.0
Asphalt,16.86,7.5,0.22,2,Medium,Standard,43119.45,2225.52,556.38,1530.04,0.0,168610959.0,15300450.0,183911409.0
Concrete,2.93,10.0,0.22,4,Weak,Standard,9572.31,3545.3,1933.8,0.0,225.61,50652668.0,5156800.0,55809468.0
Asphalt,18.46,11.0,0.15,4,Medium,Standard,47211.45,2436.72,609.18,1675.24,0.0,184611999.0,16752450.0,201364449.0
Asphalt,17.46,7.5,0.22,2,Weak,Standard,49119.35,2304.72,576.18,1584.5,0.0,182649060.0,15844950.0,198494010.0
Concrete,10.62,6.0,0.15,2,Medium,Premium,14193.63,5782.59,3154.14,0.0,367.98,80062587.0,8411040.0,88473627.0
Asphalt,12.03,10.0,0.25,4,Medium,Standard,46616.25,2406.0,601.5,1654.12,0.0,182284575.0,16541250.0,198825825.0
Asphalt,8.28,7.5,0.18,2,Medium,Standard,17325.9,894.24,223.56,614.79,0.0,67749858.0,6147900.0,73897758.0
Asphalt,1.57,11.0,0.25,4,Strong,Standard,6357.52,345.4,86.35,237.46,0.0,25566076.25,2374625.0,27940701.25
Concrete,7.04,10.0,0.2,4,Medium,Standard,19008.0,7744.0,4224.0,0.0,492.8,107219200.0,11264000.0,118483200.0
Concrete,16.16,7.0,0.2,2,Medium,Premium,33596.64,13687.52,7465.92,0.0,871.02,189509936.0,19909120.0,209419056.0
Asphalt,0.59,11.0,0.2,4,Medium,Standard,2011.9,103.84,25.96,71.39,0.0,7867178.0,713900.0,8581078.0
Concrete,7.0,6.0,0.25,2,Weak,Standard,15592.5,5775.0,3150.0,0.0,367.5,82509000.0,8400000.0,90909000.0
Concrete,8.26,7.5,0.22,2,Medium,Standard,18399.15,7495.95,4088.7,0.0,477.02,103784835.0,10903200.0,114688035.0
Concrete,10.98,7.0,0.18,2,Weak,Standard,20544.68,7609.14,4150.44,0.0,484.22,108713858.4,11067840.0,119781698.4
Concrete,18.44,7.0,0.2,2,Medium,Standard,34851.6,14198.8,7744.8,0.0,903.56,196588840.0,20652800.0,217241640.0
Asphalt,7.25,10.0,0.2,4,Medium,Standard,22475.0,1160.0,290.0,797.5,0.0,87884500.0,7975000.0,95859500.0
Asphalt,7.27,7.0,0.2,2,Medium,Premium,17353.49,895.66,223.92,615.77,0.0,67857743.8,6157690.0,74015433.8
Concrete,14.88,6.0,0.18,2,Medium,Premium,23864.54,9722.59,5303.23,0.0,618.71,134613705.6,14141952.0,148755657.6
Concrete,9.32,6.0,0.2,2,Medium,Standard,15098.4,6151.2,3355.2,0.0,391.44,85166160.0,8947200.0,94113360.0
Asphalt,4.88,5.5,0.18,2,Weak,Premium,9060.92,425.15,106.29,292.29,0.0,33692788.8,2922876.0,36615664.8
Asphalt,9.32,6.0,0.2,2,Medium,Standard,17335.2,894.72,223.68,615.12,0.0,67786224.0,6151200.0,73937424.0
Concrete,3.25,11.0,0.25,4,Medium,Standard,12065.62,4915.62,2681.25,0.0,312.81,68059062.5,7150000.0,75209062.5
Asphalt,3.94,7.0,0.25,2,Strong,Standard,10152.89,551.6,137.9,379.22,0.0,40828742.5,3792250.0,44620992.5
Concrete,10.22,6.0,0.18,2,Strong,Standard,14155.72,6070.68,3311.28,0.0,386.32,82710255.6,8830080.0,91540335.6
Concrete,8.67,10.0,0.25,4,Strong,Standard,27798.19,11921.25,6502.5,0.0,758.63,162421612.5,17340000.0,179761612.5
Asphalt,18.34,5.5,0.18,2,Medium,Standard,28142.73,1452.53,363.13,998.61,0.0,110047152.6,9986130.0,120033282.6
Asphalt,7.57,7.0,0.25,2,Medium,Standard,20533.62,1059.8,264.95,728.61,0.0,80293097.5,7286125.0,87579222.5
Concrete,11.82,5.5,0.25,2,Medium,Standard,21940.88,8938.88,4875.75,0.0,568.84,123762787.5,13002000.0,136764787.5
Concrete,12.83,7.0,0.18,2,Medium,Standard,21823.83,8891.19,4849.74,0.0,565.8,123102567.0,12932640.0,136035207.0
Asphalt,0.76,10.0,0.22,4,Weak,Premium,3135.84,147.14,36.78,101.16,0.0,11660528.0,1011560.0,12672088.0
Concrete,13.44,5.5,0.25,2,Strong,Standard,23700.6,10164.0,5544.0,0.0,646.8,138479880.0,14784000.0,153263880.0
Asphalt,3.97,7.5,0.2,2,Strong,Standard,8768.74,476.4,119.1,327.52,0.0,35262532.5,3275250.0,38537782.5
Concrete,19.24,11.0,0.22,4,Medium,Standard,62857.08,25608.44,13968.24,0.0,1629.63,354560492.0,37248640.0,391809132.0
Asphalt,3.4,11.0,0.18,4,Weak,Standard,11478.06,538.56,134.64,370.26,0.0,42680880.0,3702600.0,46383480.0
Asphalt,8.59,7.0,0.22,2,Medium,Premium,22554.76,1164.12,291.03,800.33,0.0,88196399.06,8003303.0,96199702.06
Asphalt,2.16,7.5,0.15,2,Strong,Standard,3578.18,194.4,48.6,133.65,0.0,14389245.0,1336500.0,15725745.0
Concrete,19.94,5.5,0.15,2,Strong,Standard,21097.77,9047.78,4935.15,0.0,575.77,123271821.75,13160400.0,136432221.75
Concrete,10.29,7.5,0.25,2,Medium,Premium,28651.22,11672.72,6366.94,0.0,742.81,161614096.88,16978500.0,178592596.88
Asphalt,12.11,7.5,0.25,2,Weak,Standard,38714.16,1816.5,454.12,1248.84,0.0,143957625.0,12488437.5,156446062.5
Concrete,1.81,5.5,0.2,2,Strong,Standard,2553.46,1095.05,597.3,0.0,69.68,14919558.5,1592800.0,16512358.5
Asphalt,15.12,10.0,0.22,4,Medium,Standard,51559.2,2661.12,665.28,1829.52,0.0,201613104.0,18295200.0,219908304.0
Asphalt,4.59,7.5,0.15,2,Medium,Premium,8804.19,454.41,113.6,312.41,0.0,34427237.62,3124068.75,37551306.38
Concrete,18.01,7.5,0.25,2,Strong,Standard,43308.42,18572.81,10130.62,0.0,1181.91,253046128.12,27015000.0,280061128.12
Concrete,4.5,10.0,0.22,4,Weak,Standard,14701.5,5445.0,2970.0,0.0,346.5,77794200.0,7920000.0,85714200.0
Asphalt,4.22,7.5,0.25,2,Medium,Standard,12264.38,633.0,158.25,435.19,0.0,47957662.5,4351875.0,52309537.5
Concrete,1.21,7.5,0.25,2,Weak,Standard,3369.09,1247.81,680.62,0.0,79.41,17827837.5,1815000.0,19642837.5
Concrete,9.71,7.5,0.15,2,Medium,Standard,14747.06,6008.06,3277.12,0.0,382.33,83184356.25,8739000.0,91923356.25
Asphalt,11.51,11.0,0.15,4,Strong,Standard,27964.98,1519.32,379.83,1044.53,0.0,112458167.25,10445325.0,122903492.25
Asphalt,1.78,6.0,0.25,2,Medium,Standard,4138.5,213.6,53.4,146.85,0.0,16182870.0,1468500.0,17651370.0
Concrete,15.62,10.0,0.18,4,Strong,Premium,39664.65,17010.18,9278.28,0.0,1082.47,231755970.6,24742080.0,256498050.6
Asphalt,9.34,7.5,0.25,2,Medium,Premium,29858.81,1541.1,385.28,1059.51,0.0,116757588.75,10595062.5,127352651.25
Asphalt,10.73,11.0,0.25,4,Medium,Standard,45736.62,2360.6,590.15,1622.91,0.0,178844957.5,16229125.0,195074082.5
Concrete,9.09,10.0,0.2,4,Medium,Premium,26997.3,10998.9,5999.4,0.0,699.93,152284770.0,15998400.0,168283170.0
Asphalt,8.31,7.0,0.2,2,Medium,Standard,18032.7,930.72,232.68,639.87,0.0,70513674.0,6398700.0,76912374.0
Asphalt,11.41,7.0,0.2,2,Medium,Standard,24759.7,1277.92,319.48,878.57,0.0,96818414.0,8785700.0,105604114.0
Concrete,3.53,7.5,0.18,2,Weak,Standard,7076.77,2621.02,1429.65,0.0,166.79,37447299.0,3812400.0,41259699.0
Concrete,4.05,11.0,0.18,4,Medium,Premium,11908.22,4851.5,2646.27,0.0,308.73,67171153.5,7056720.0,74227873.5
Asphalt,17.3,11.0,0.25,4,Medium,Premium,81115.38,4186.6,1046.65,2878.29,0.0,317187282.5,28782875.0,345970157.5
Asphalt,18.95,10.0,0.2,4,Medium,Standard,58745.0,3032.0,758.0,2084.5,0.0,229711900.0,20845000.0,250556900.0
Concrete,7.78,10.0,0.18,4,Medium,Premium,20795.94,8472.42,4621.32,0.0,539.15,117304506.0,12323520.0,129628026.0
Concrete,5.78,11.0,0.15,4,Medium,Standard,12874.95,5245.35,2861.1,0.0,333.8,72624255.0,7629600.0,80253855.0
Concrete,13.06,10.0,0.25,4,Weak,Premium,53333.78,19753.25,10774.5,0.0,1257.03,282220070.0,28732000.0,310952070.0
Concrete,8.47,11.0,0.22,4,Medium,Premium,30438.64,12400.93,6764.14,0.0,789.15,171696471.1,18037712.0,189734183.1
Asphalt,1.0,6.0,0.25,2,Medium,Standard,2325.0,120.0,30.0,82.5,0.0,9091500.0,825000.0,9916500.0
Concrete,3.54,11.0,0.22,4,Medium,Premium,12721.7,5182.91,2827.04,0.0,329.82,71759800.2,7538784.0,79298584.2
Concrete,14.46,7.0,0.2,2,Weak,Standard,30062.34,11134.2,6073.2,0.0,708.54,159077352.0,16195200.0,175272552.0
Asphalt,13.35,10.0,0.22,4,Strong,Standard,43247.32,2349.6,587.4,1615.35,0.0,173914455.0,16153500.0,190067955.0
Concrete,1.03,11.0,0.2,4,Medium,Standard,3059.1,1246.3,679.8,0.0,79.31,17255590.0,1812800.0,19068390.0
Asphalt,4.83,11.0,0.15,4,Medium,Standard,12352.72,637.56,159.39,438.32,0.0,48303139.5,4383225.0,52686364.5
Concrete,5.01,10.0,0.22,4,Weak,Premium,18004.44,6668.31,3637.26,0.0,424.35,95271963.6,9699360.0,104971323.6
Concrete,13.6,6.0,0.25,2,Medium,Standard,27540.0,11220.0,6120.0,0.0,714.0,155346000.0,16320000.0,171666000.0
Concrete,0.88,6.0,0.2,2,Medium,Standard,1425.6,580.8,316.8,0.0,36.96,8041440.0,844800.0,8886240.0
Asphalt,2.53,10.0,0.25,4,Medium,Premium,10784.12,556.6,139.15,382.66,0.0,42169407.5,3826625.0,45996032.5
Asphalt,16.1,5.5,0.18,2,Medium,Premium,27176.0,1402.63,350.66,964.31,0.0,106266906.9,9643095.0,115910001.9
Concrete,3.98,10.0,0.2,4,Strong,Standard,10208.7,4378.0,2388.0,0.0,278.6,59648260.0,6368000.0,66016260.0
Asphalt,13.23,10.0,0.22,4,Medium,Premium,49625.73,2561.33,640.33,1760.91,0.0,194052612.6,17609130.0,211661742.6
Asphalt,5.14,6.0,0.2,2,Weak,Standard,10516.44,493.44,123.36,339.24,0.0,39105120.0,3392400.0,42497520.0
Asphalt,2.44,6.0,0.25,2,Medium,Premium,6240.3,322.08,80.52,221.43,0.0,24401586.0,2214300.0,26615886.0
Asphalt,5.24,10.0,0.15,4,Medium,Standard,12183.0,628.8,157.2,432.3,0.0,47639460.0,4323000.0,51962460.0
Asphalt,14.58,10.0,0.2,4,Medium,Standard,45198.0,2332.8,583.2,1603.8,0.0,176738760.0,16038000.0,192776760.0
Asphalt,17.19,10.0,0.22,4,Weak,Standard,64479.69,3025.44,756.36,2079.99,0.0,239766120.0,20799900.0,260566020.0
Concrete,16.69,6.0,0.18,2,Weak,Standard,26767.42,9913.86,5407.56,0.0,630.88,141642021.6,14420160.0,156062181.6
Concrete,8.25,10.0,0.15,4,Strong,Standard,15870.94,6806.25,3712.5,0.0,433.13,92732062.5,9900000.0,102632062.5
Asphalt,13.53,10.0,0.18,4,Medium,Standard,37748.7,1948.32,487.08,1339.47,0.0,147609594.0,13394700.0,161004294.0
Concrete,4.5,7.5,0.2,2,Strong,Standard,8656.88,3712.5,2025.0,0.0,236.25,50581125.0,5400000.0,55981125.0
Concrete,6.22,5.5,0.25,2,Medium,Premium,12700.46,5174.26,2822.32,0.0,329.27,71640016.25,7526200.0,79166216.25
Concrete,17.98,7.0,0.25,2,Medium,Standard,42477.75,17305.75,9439.5,0.0,1101.28,239605975.0,25172000.0,264777975.0
Concrete,0.75,5.5,0.22,2,Medium,Standard,1225.12,499.13,272.25,0.0,31.76,6910612.5,726000.0,7636612.5
Asphalt,2.17,7.5,0.25,2,Strong,Standard,5991.23,325.5,81.38,223.78,0.0,24093103.12,2237812.5,26330915.62
Concrete,4.55,7.0,0.15,2,Medium,Standard,6449.62,2627.62,1433.25,0.0,167.21,36380662.5,3822000.0,40202662.5
Concrete,1.02,10.0,0.25,4,Medium,Premium,3786.75,1542.75,841.5,0.0,98.18,21360075.0,2244000.0,23604075.0
Asphalt,4.04,7.5,0.22,2,Weak,Premium,12502.08,586.61,146.65,403.29,0.0,46488684.0,4032930.0,50521614.0
Asphalt,11.87,10.0,0.2,4,Medium,Standard,36797.0,1899.2,474.8,1305.7,0.0,143888140.0,13057000.0,156945140.0
Concrete,8.72,6.0,0.2,2,Medium,Standard,14126.4,5755.2,3139.2,0.0,366.24,79683360.0,8371200.0,88054560.0
Concrete,17.91,11.0,0.25,4,Medium,Premium,73139.96,29797.76,16253.32,0.0,1896.22,412563566.25,43342200.0,455905766.25
Concrete,16.44,7.5,0.18,2,Medium,Standard,29961.9,12206.7,6658.2,0.0,776.79,169007310.0,17755200.0,186762510.0
Concrete,7.17,6.0,0.2,2,Medium,Premium,12776.94,5205.42,2839.32,0.0,331.25,72071406.0,7571520.0,79642926.0
Concrete,5.56,7.5,0.25,2,Medium,Standard,14073.75,5733.75,3127.5,0.0,364.88,79386375.0,8340000.0,87726375.0
Concrete,7.9,7.5,0.22,2,Medium,Premium,19356.98,7886.18,4301.55,0.0,501.85,109187677.5,11470800.0,120658477.5
Asphalt,12.01,6.0,0.25,2,Medium,Standard,27923.25,1441.2,360.3,990.82,0.0,109188915.0,9908250.0,119097165.0
Concrete,5.73,7.0,0.2,2,Strong,Standard,10288.22,4412.1,2406.6,0.0,280.77,60112857.0,6417600.0,66530457.0
Concrete,12.67,5.5,0.22,2,Medium,Premium,22766.09,9275.07,5059.13,0.0,590.23,128417608.55,13491016.0,141908624.55
Asphalt,8.48,10.0,0.25,4,Weak,Standard,36146.0,1696.0,424.0,1166.0,0.0,134408000.0,11660000.0,146068000.0
Asphalt,11.26,7.5,0.15,2,Weak,Standard,21598.09,1013.4,253.35,696.71,0.0,80311950.0,6967125.0,87279075.0
Asphalt,9.0,10.0,0.22,4,Medium,Standard,30690.0,1584.0,396.0,1089.0,0.0,120007800.0,10890000.0,130897800.0
Asphalt,6.24,11.0,0.15,4,Medium,Standard,15958.8,823.68,205.92,566.28,0.0,62404056.0,5662800.0,68066856.0
Concrete,18.99,6.0,0.18,2,Strong,Standard,26303.05,11280.06,6152.76,0.0,717.82,153685690.2,16407360.0,170093050.2
Concrete,15.39,10.0,0.22,4,Medium,Standard,45708.3,18621.9,10157.4,0.0,1185.03,257828670.0,27086400.0,284915070.0
Concrete,3.23,6.0,0.15,2,Medium,Standard,3924.45,1598.85,872.1,0.0,101.74,22136805.0,2325600.0,24462405.0
Concrete,17.44,10.0,0.2,4,Medium,Standard,47088.0,19184.0,10464.0,0.0,1220.8,265611200.0,27904000.0,293515200.0
Concrete,10.0,5.5,0.2,2,Medium,Premium,16335.0,6655.0,3630.0,0.0,423.5,92141500.0,9680000.0,101821500.0
Concrete,17.94,5.5,0.18,2,Medium,Standard,23976.81,9768.33,5328.18,0.0,621.62,135246969.0,14208480.0,149455449.0
Asphalt,16.1,5.5,0.22,2,Strong,Standard,28685.77,1558.48,389.62,1071.46,0.0,115356741.5,10714550.0,126071291.5
Concrete,8.79,5.5,0.22,2,Medium,Standard,14358.46,5849.74,3190.77,0.0,372.26,80992378.5,8508720.0,89501098.5
Asphalt,0.94,5.5,0.22,2,Medium,Standard,1762.97,90.99,22.75,62.56,0.0,6893781.4,625570.0,7519351.4
Asphalt,5.74,5.5,0.18,2,Medium,Standard,8808.03,454.61,113.65,312.54,0.0,34442238.6,3125430.0,37567668.6
Concrete,11.06,6.0,0.22,2,Weak,Standard,21679.81,8029.56,4379.76,0.0,510.97,114720513.6,11679360.0,126399873.6
Asphalt,12.85,7.5,0.2,2,Medium,Standard,29876.25,1542.0,385.5,1060.12,0.0,116825775.0,10601250.0,127427025.0
Concrete,5.53,10.0,0.15,4,Medium,Standard,11198.25,4562.25,2488.5,0.0,290.33,63166425.0,6636000.0,69802425.0
Asphalt,3.22,5.5,0.2,2,Medium,Standard,5490.1,283.36,70.84,194.81,0.0,21468062.0,1948100.0,23416162.0
Concrete,16.78,6.0,0.2,2,Medium,Standard,27183.6,11074.8,6040.8,0.0,704.76,153335640.0,16108800.0,169444440.0
Asphalt,19.7,6.0,0.15,2,Medium,Standard,27481.5,1418.4,354.6,975.15,0.0,107461530.0,9751500.0,117213030.0
Concrete,10.75,6.0,0.2,2,Strong,Standard,16544.25,7095.0,3870.0,0.0,451.5,96666150.0,10320000.0,106986150.0
Concrete,3.85,7.5,0.18,2,Medium,Standard,7016.63,2858.63,1559.25,0.0,181.91,39578962.5,4158000.0,43736962.5
Concrete,5.81,10.0,0.15,4,Medium,Standard,11765.25,4793.25,2614.5,0.0,305.03,66364725.0,6972000.0,73336725.0
Concrete,0.86,7.5,0.2,2,Weak,Premium,2107.22,780.45,425.7,0.0,49.67,11150502.0,1135200.0,12285702.0
Concrete,18.33,7.0,0.25,2,Weak,Standard,47635.09,17642.62,9623.25,0.0,1122.71,252064995.0,25662000.0,277726995.0
Asphalt,2.8,6.0,0.2,2,Medium,Standard,5208.0,268.8,67.2,184.8,0.0,20364960.0,1848000.0,22212960.0
Asphalt,11.74,7.0,0.18,2,Medium,Standard,22928.22,1183.39,295.85,813.58,0.0,89656736.4,8135820.0,97792556.4
Asphalt,5.84,11.0,0.22,4,Medium,Standard,21905.84,1130.62,282.66,777.3,0.0,85658900.8,7773040.0,93431940.8
Concrete,11.31,5.5,0.2,2,Weak,Standard,18474.89,6842.55,3732.3,0.0,435.44,97761378.0,9952800.0,107714178.0
Asphalt,13.2,5.5,0.22,2,Medium,Standard,24756.6,1277.76,319.44,878.46,0.0,96806292.0,8784600.0,105590892.0
Concrete,16.68,7.5,0.25,2,Weak,Premium,51087.71,18921.38,10320.75,0.0,1204.09,270334845.0,27522000.0,297856845.0
Concrete,4.53,10.0,0.2,4,Strong,Standard,11619.45,4983.0,2718.0,0.0,317.1,67891110.0,7248000.0,75139110.0
Asphalt,0.71,7.0,0.15,2,Medium,Premium,1271.08,65.6,16.4,45.1,0.0,4970323.05,451027.5,5421350.55
Asphalt,3.17,10.0,0.22,4,Medium,Standard,10809.7,557.92,139.48,383.57,0.0,42269414.0,3835700.0,46105114.0
Concrete,18.05,7.5,0.25,2,Weak,Standard,50257.97,18614.06,10153.12,0.0,1184.53,265944187.5,27075000.0,293019187.5
Asphalt,17.54,5.5,0.15,2,Medium,Standard,22429.28,1157.64,289.41,795.88,0.0,87705700.5,7958775.0,95664475.5
Concrete,12.15,10.0,0.15,4,Medium,Standard,24603.75,10023.75,5467.5,0.0,637.88,138783375.0,14580000.0,153363375.0
Concrete,12.21,10.0,0.15,4,Strong,Standard,23488.99,10073.25,5494.5,0.0,641.03,137243452.5,14652000.0,151895452.5
Concrete,13.47,5.5,0.15,2,Strong,Standard,14252.1,6112.01,3333.82,0.0,388.95,83273392.12,8890200.0,92163592.12
Concrete,3.92,7.0,0.2,2,Medium,Standard,7408.8,3018.4,1646.4,0.0,192.08,41791120.0,4390400.0,46181520.0
Concrete,18.33,5.5,0.2,2,Strong,Premium,28444.95,12198.62,6653.79,0.0,776.28,166200584.55,17743440.0,183944024.55
Asphalt,8.67,10.0,0.2,4,Strong,Premium,28086.46,1525.92,381.48,1049.07,0.0,112946691.0,10490700.0,123437391.0
Asphalt,7.97,7.0,0.25,2,Strong,Standard,20537.69,1115.8,278.95,767.11,0.0,82590121.25,7671125.0,90261246.25
Concrete,10.62,7.0,0.25,2,Strong,Standard,23835.26,10221.75,5575.5,0.0,650.48,139266697.5,14868000.0,154134697.5
Concrete,1.42,5.5,0.25,2,Medium,Standard,2635.88,1073.88,585.75,0.0,68.34,14868287.5,1562000.0,16430287.5
Asphalt,3.74,10.0,0.18,4,Medium,Standard,10434.6,538.56,134.64,370.26,0.0,40802652.0,3702600.0,44505252.0
Asphalt,14.89,7.5,0.25,2,Weak,Standard,47601.47,2233.5,558.38,1535.53,0.0,177004875.0,15355312.5,192360187.5
Concrete,2.11,10.0,0.2,4,Weak,Standard,6266.7,2321.0,1266.0,0.0,147.7,33160760.0,3376000.0,36536760.0
Asphalt,12.26,6.0,0.2,2,Strong,Standard,21663.42,1176.96,294.24,809.16,0.0,87117108.0,8091600.0,95208708.0
Concrete,5.28,11.0,0.18,4,Medium,Standard,14113.44,5749.92,3136.32,0.0,365.9,79610256.0,8363520.0,87973776.0
Asphalt,8.09,7.5,0.18,2,Medium,Premium,18621.16,961.09,240.27,660.75,0.0,72814732.65,6607507.5,79422240.15
Concrete,6.13,7.0,0.25,2,Strong,Standard,13758.02,5900.13,3218.25,0.0,375.46,80386521.25,8582000.0,88968521.25
Asphalt,7.44,7.5,0.22,2,Strong,Premium,19884.05,1080.29,270.07,742.7,0.0,79961567.4,7426980.0,87388547.4
Concrete,14.52,7.0,0.18,2,Strong,Standard,23463.59,10062.36,5488.56,0.0,640.33,137095081.2,14636160.0,151731241.2
Asphalt,6.29,7.0,0.15,2,Medium,Standard,10236.98,528.36,132.09,363.25,0.0,40029874.5,3632475.0,43662349.5
Asphalt,11.54,7.5,0.2,2,Weak,Standard,29513.55,1384.8,346.2,952.05,0.0,109745400.0,9520500.0,119265900.0
Concrete,9.78,7.0,0.15,2,Medium,Standard,13863.15,5647.95,3080.7,0.0,359.42,78198435.0,8215200.0,86413635.0
Asphalt,13.44,7.0,0.2,2,Weak,Standard,32081.28,1505.28,376.32,1034.88,0.0,119293440.0,10348800.0,129642240.0
Concrete,18.77,6.0,0.2,2,Weak,Standard,33448.14,12388.2,6757.2,0.0,788.34,176993592.0,18019200.0,195012792.0
Asphalt,14.79,10.0,0.18,4,Medium,Standard,41264.1,2129.76,532.44,1464.21,0.0,161355942.0,14642100.0,175998042.0
Concrete,4.69,10.0,0.18,4,Medium,Standard,11396.7,4643.1,2532.6,0.0,295.47,64285830.0,6753600.0,71039430.0
Asphalt,1.11,11.0,0.15,4,Medium,Standard,2838.82,146.52,36.63,100.73,0.0,11100721.5,1007325.0,12108046.5
Concrete,5.61,11.0,0.2,4,Medium,Standard,16661.7,6788.1,3702.6,0.0,431.97,93984330.0,9873600.0,103857930.0
Asphalt,12.1,6.0,0.15,2,Medium,Standard,16879.5,871.2,217.8,598.95,0.0,66004290.0,5989500.0,71993790.0
Concrete,1.5,11.0,0.22,4,Medium,Standard,4900.5,1996.5,1089.0,0.0,127.05,27642450.0,2904000.0,30546450.0
Asphalt,10.18,7.5,0.15,2,Weak,Standard,19526.51,916.2,229.05,629.89,0.0,72608850.0,6298875.0,78907725.0
Concrete,12.14,5.5,0.25,2,Medium,Standard,22534.88,9180.88,5007.75,0.0,584.24,127113387.5,13354000.0,140467387.5
Concrete,7.02,5.5,0.15,2,Medium,Premium,8600.38,3503.86,1911.2,0.0,222.97,48512499.75,5096520.0,53609019.75
Concrete,15.53,5.5,0.25,2,Medium,Standard,28827.56,11744.56,6406.12,0.0,747.38,162608806.25,17083000.0,179691806.25
Asphalt,2.58,6.0,0.25,2,Weak,Premium,7258.19,340.56,85.14,234.14,0.0,26989380.0,2341350.0,29330730.0
Concrete,1.97,6.0,0.25,2,Strong,Standard,3789.79,1625.25,886.5,0.0,103.43,22143292.5,2364000.0,24507292.5
Asphalt,14.7,7.0,0.22,2,Medium,Standard,35088.9,1811.04,452.76,1245.09,0.0,137208918.0,12450900.0,149659818.0
Concrete,10.16,5.5,0.15,2,Medium,Standard,11315.7,4610.1,2514.6,0.0,293.37,63828930.0,6705600.0,70534530.0
Asphalt,13.92,7.5,0.15,2,Medium,Standard,24273.0,1252.8,313.2,861.3,0.0,94915260.0,8613000.0,103528260.0
Concrete,8.98,11.0,0.22,4,Strong,Standard,27870.78,11952.38,6519.48,0.0,760.61,162845744.6,17385280.0,180231024.6
Asphalt,5.3,7.5,0.2,2,Medium,Premium,13554.75,699.6,174.9,480.98,0.0,53003445.0,4809750.0,57813195.0
Asphalt,16.47,11.0,0.18,4,Medium,Standard,50546.43,2608.85,652.21,1793.58,0.0,197652846.6,17935830.0,215588676.6
Concrete,16.09,5.5,0.15,2,Strong,Standard,17024.23,7300.84,3982.27,0.0,464.6,99470592.38,10619400.0,110089992.38
Asphalt,14.05,5.5,0.18,2,Medium,Standard,21559.72,1112.76,278.19,765.02,0.0,84305479.5,7650225.0,91955704.5
Asphalt,5.81,5.5,0.22,2,Medium,Premium,11986.32,618.65,154.66,425.32,0.0,46870379.71,4253210.5,51123590.21
Concrete,12.01,6.0,0.2,2,Medium,Standard,19456.2,7926.6,4323.6,0.0,504.42,109747380.0,11529600.0,121276980.0
Asphalt,7.54,11.0,0.2,4,Medium,Standard,25711.4,1327.04,331.76,912.34,0.0,100539868.0,9123400.0,109663268.0
Asphalt,2.29,6.0,0.2,2,Medium,Standard,4259.4,219.84,54.96,151.14,0.0,16655628.0,1511400.0,18167028.0
Asphalt,18.39,6.0,0.22,2,Medium,Premium,41388.53,2136.18,534.05,1468.63,0.0,161842519.08,14686254.0,176528773.08
Concrete,3.17,10.0,0.25,4,Strong,Premium,11180.19,4794.62,2615.25,0.0,305.11,65324586.25,6974000.0,72298586.25
Asphalt,19.03,7.5,0.25,2,Strong,Standard,52540.64,2854.5,713.62,1962.47,0.0,211286521.88,19624687.5,230911209.38
Concrete,9.2,7.5,0.18,2,Medium,Premium,18443.7,7514.1,4098.6,0.0,478.17,104036130.0,10929600.0,114965730.0
Asphalt,4.11,7.0,0.25,2,Medium,Premium,12263.21,632.94,158.24,435.15,0.0,47953116.75,4351462.5,52304579.25
Asphalt,11.07,6.0,0.25,2,Medium,Standard,25737.75,1328.4,332.1,913.28,0.0,100642905.0,9132750.0,109775655.0
Asphalt,17.52,11.0,0.2,4,Strong,Standard,56756.04,3083.52,770.88,2119.92,0.0,228238296.0,21199200.0,249437496.0
Concrete,14.78,10.0,0.2,4,Strong,Standard,37910.7,16258.0,8868.0,0.0,1034.6,221507860.0,23648000.0,245155860.0
Asphalt,16.23,10.0,0.18,4,Medium,Premium,49809.87,2570.83,642.71,1767.45,0.0,194772659.4,17674470.0,212447129.4
Asphalt,13.35,7.5,0.15,2,Strong,Standard,22115.11,1201.5,300.38,826.03,0.0,88933528.12,8260312.5,97193840.62
Concrete,14.0,6.0,0.18,2,Medium,Premium,22453.2,9147.6,4989.6,0.0,582.12,126652680.0,13305600.0,139958280.0
Asphalt,17.06,7.0,0.18,2,Medium,Standard,33318.18,1719.65,429.91,1182.26,0.0,130284831.6,11822580.0,142107411.6
Concrete,5.37,6.0,0.22,2,Weak,Premium,11578.9,4288.48,2339.17,0.0,272.9,61270711.92,6237792.0,67508503.92
Concrete,10.04,5.5,0.22,2,Medium,Standard,16400.34,6681.62,3644.52,0.0,425.19,92510066.0,9718720.0,102228786.0
Asphalt,4.81,6.0,0.18,2,Medium,Standard,8051.94,415.58,103.9,285.71,0.0,31485682.8,2857140.0,34342822.8
Concrete,19.76,5.5,0.18,2,Medium,Premium,29050.16,11835.25,6455.59,0.0,753.15,163864443.6,17214912.0,181079355.6
Asphalt,18.91,5.5,0.18,2,Medium,Premium,31919.13,1647.44,411.86,1132.61,0.0,124814112.39,11326144.5,136140256.89
Concrete,1.27,7.0,0.25,2,Strong,Premium,3135.39,1344.61,733.42,0.0,85.57,18319734.12,1955800.0,20275534.12
Concrete,14.26,11.0,0.22,4,Weak,Standard,51246.16,18980.06,10352.76,0.0,1207.82,271173293.6,27607360.0,298780653.6
Asphalt,18.54,7.5,0.18,2,Medium,Standard,38794.95,2002.32,500.58,1376.6,0.0,151700769.0,13765950.0,165466719.0
Concrete,4.02,6.0,0.2,2,Medium,Standard,6512.4,2653.2,1447.2,0.0,168.84,36734760.0,3859200.0,40593960.0
Concrete,11.57,5.5,0.2,2,Medium,Standard,17181.45,6999.85,3818.1,0.0,445.45,96916105.0,10181600.0,107097705.0
Concrete,18.35,6.0,0.25,2,Medium,Standard,37158.75,15138.75,8257.5,0.0,963.38,209602875.0,22020000.0,231622875.0
Concrete,1.16,11.0,0.25,4,Medium,Standard,4306.5,1754.5,957.0,0.0,111.65,24291850.0,2552000.0,26843850.0
Concrete,14.1,7.5,0.15,2,Weak,Standard,23555.81,8724.38,4758.75,0.0,555.19,124647525.0,12690000.0,137337525.0
Asphalt,6.3,11.0,0.15,4,Medium,Premium,17723.48,914.76,228.69,628.9,0.0,69304504.5,6288975.0,75593479.5
Concrete,18.53,7.5,0.15,2,Medium,Standard,28142.44,11465.44,6253.88,0.0,729.62,158744193.75,16677000.0,175421193.75
Asphalt,19.44,10.0,0.25,4,Weak,Standard,82863.0,3888.0,972.0,2673.0,0.0,308124000.0,26730000.0,334854000.0
Concrete,18.91,7.5,0.25,2,Medium,Standard,47865.94,19500.94,10636.88,0.0,1240.97,269999343.75,28365000.0,298364343.75
Asphalt,9.75,7.0,0.25,2,Medium,Standard,26446.88,1365.0,341.25,938.44,0.0,103415812.5,9384375.0,112800187.5
Asphalt,17.31,11.0,0.2,4,Medium,Standard,59027.1,3046.56,761.64,2094.51,0.0,230815002.0,20945100.0,251760102.0
Concrete,16.97,5.5,0.25,2,Strong,Premium,32918.09,14116.92,7700.14,0.0,898.35,192336601.19,20533700.0,212870301.19
Concrete,6.72,10.0,0.2,4,Weak,Premium,21954.24,8131.2,4435.2,0.0,517.44,116172672.0,11827200.0,127999872.0
Concrete,16.66,7.0,0.15,2,Weak,Premium,28574.82,10583.27,5772.69,0.0,673.48,151205993.4,15393840.0,166599833.4
Asphalt,1.22,6.0,0.15,2,Medium,Premium,1872.09,96.62,24.16,66.43,0.0,7320475.8,664290.0,7984765.8
Concrete,12.13,11.0,0.15,4,Medium,Standard,27019.58,11007.98,6004.35,0.0,700.51,152410417.5,16011600.0,168422017.5
Asphalt,4.99,5.5,0.18,2,Medium,Standard,7657.16,395.21,98.8,271.71,0.0,29941946.1,2717055.0,32659001.1
Asphalt,2.85,7.5,0.18,2,Strong,Standard,5665.44,307.8,76.95,211.61,0.0,22782971.25,2116125.0,24899096.25
Asphalt,2.0,5.5,0.22,2,Strong,Standard,3563.45,193.6,48.4,133.1,0.0,14330030.0,1331000.0,15661030.0
Concrete,14.08,6.0,0.22,2,Strong,Standard,23836.03,10222.08,5575.68,0.0,650.5,139271193.6,14868480.0,154139673.6
Concrete,7.13,10.0,0.22,4,Medium,Standard,21176.1,8627.3,4705.8,0.0,549.01,119448890.0,12548800.0,131997690.0
Asphalt,14.63,10.0,0.18,4,Medium,Standard,40817.7,2106.72,526.68,1448.37,0.0,159610374.0,14483700.0,174094074.0
Asphalt,1.77,11.0,0.18,4,Medium,Standard,5432.13,280.37,70.09,192.75,0.0,21241380.6,1927530.0,23168910.6
Concrete,6.65,10.0,0.22,4,Weak,Standard,21725.55,8046.5,4389.0,0.0,512.05,114962540.0,11704000.0,126666540.0
Asphalt,11.02,11.0,0.22,4,Medium,Standard,41336.02,2133.47,533.37,1466.76,0.0,161637172.4,14667620.0,176304792.4
Concrete,15.92,11.0,0.25,4,Medium,Standard,59103.0,24079.0,13134.0,0.0,1532.3,333384700.0,35024000.0,368408700.0
Asphalt,6.72,11.0,0.22,4,Strong,Standard,23946.38,1300.99,325.25,894.43,0.0,96297801.6,8944320.0,105242121.6
Concrete,12.7,7.5,0.25,2,Medium,Standard,32146.88,13096.88,7143.75,0.0,833.44,181332187.5,19050000.0,200382187.5
Asphalt,17.78,7.0,0.2,2,Medium,Premium,42440.86,2190.5,547.62,1505.97,0.0,165957453.2,15059660.0,181017113.2
Concrete,12.51,11.0,0.18,4,Medium,Standard,33439.23,13623.39,7430.94,0.0,866.94,188622027.0,19815840.0,208437867.0
Asphalt,5.04,11.0,0.22,4,Weak,Standard,20795.54,975.74,243.94,670.82,0.0,77327712.0,6708240.0,84035952.0
Concrete,0.98,7.0,0.18,2,Weak,Premium,2017.05,747.05,407.48,0.0,47.54,10673364.24,1086624.0,11759988.24
Concrete,17.47,5.5,0.18,2,Medium,Standard,23348.66,9512.42,5188.59,0.0,605.34,131703709.5,13836240.0,145539949.5
Asphalt,0.91,11.0,0.18,4,Weak,Standard,3072.07,144.14,36.04,99.1,0.0,11423412.0,990990.0,12414402.0
Asphalt,17.56,7.5,0.2,2,Medium,Standard,40827.0,2107.2,526.8,1448.7,0.0,159646740.0,14487000.0,174133740.0
Concrete,10.81,10.0,0.15,4,Strong,Standard,20795.74,8918.25,4864.5,0.0,567.53,121507102.5,12972000.0,134479102.5
Asphalt,18.81,10.0,0.22,4,Strong,Premium,67028.49,3641.62,910.4,2503.61,0.0,269547864.3,25036110.0,294583974.3
Concrete,16.08,6.0,0.15,2,Medium,Premium,21490.92,8755.56,4775.76,0.0,557.17,121224708.0,12735360.0,133960068.0
Asphalt,19.96,6.0,0.15,2,Medium,Standard,27844.2,1437.12,359.28,988.02,0.0,108879804.0,9880200.0,118760004.0
Concrete,7.34,10.0,0.15,4,Strong,Standard,14120.32,6055.5,3303.0,0.0,385.35,82503435.0,8808000.0,91311435.0
Concrete,15.46,10.0,0.18,4,Strong,Standard,35689.41,15305.4,8348.4,0.0,973.98,208529118.0,22262400.0,230791518.0
Concrete,8.34,7.5,0.25,2,Weak,Standard,23221.69,8600.62,4691.25,0.0,547.31,122879475.0,12510000.0,135389475.0
Concrete,9.86,7.0,0.18,2,Medium,Standard,16771.86,6832.98,3727.08,0.0,434.83,94605714.0,9938880.0,104544594.0
Concrete,12.74,6.0,0.18,2,Medium,Standard,18574.92,7567.56,4127.76,0.0,481.57,104776308.0,11007360.0,115783668.0
Concrete,17.54,7.0,0.15,2,Strong,Standard,23619.8,10129.35,5525.1,0.0,644.6,138007789.5,14733600.0,152741389.5
Asphalt,19.69,7.5,0.18,2,Strong,Standard,39141.26,2126.52,531.63,1461.98,0.0,157402352.25,14619825.0,172022177.25
Asphalt,15.48,10.0,0.15,4,Weak,Standard,39590.1,1857.6,464.4,1277.1,0.0,147214800.0,12771000.0,159985800.0
Asphalt,8.65,11.0,0.25,4,Strong,Standard,35027.09,1903.0,475.75,1308.31,0.0,140857681.25,13083125.0,153940806.25
Concrete,8.72,7.0,0.22,2,Medium,Standard,18128.88,7385.84,4028.64,0.0,470.01,102260312.0,10743040.0,113003352.0
Concrete,14.88,10.0,0.15,4,Strong,Premium,31487.94,13503.6,7365.6,0.0,859.32,183980412.0,19641600.0,203622012.0
Concrete,5.16,10.0,0.25,4,Medium,Standard,17415.0,7095.0,3870.0,0.0,451.5,98233500.0,10320000.0,108553500.0
Concrete,2.65,5.5,0.22,2,Strong,Standard,4112.34,1763.58,961.95,0.0,112.23,24027907.75,2565200.0,26593107.75
Asphalt,7.42,7.0,0.2,2,Weak,Premium,19482.69,914.14,228.54,628.47,0.0,72445912.0,6284740.0,78730652.0
Asphalt,6.1,11.0,0.15,4,Medium,Standard,15600.75,805.2,201.3,553.58,0.0,61003965.0,5535750.0,66539715.0
Concrete,6.28,7.0,0.15,2,Weak,Standard,9792.09,3626.7,1978.2,0.0,230.79,51815652.0,5275200.0,57090852.0
Asphalt,5.06,10.0,0.2,4,Strong,Standard,14901.7,809.6,202.4,556.6,0.0,59925580.0,5566000.0,65491580.0
Asphalt,1.32,11.0,0.2,4,Strong,Standard,4276.14,232.32,58.08,159.72,0.0,17196036.0,1597200.0,18793236.0
Concrete,0.85,7.5,0.15,2,Strong,Standard,1226.39,525.94,286.88,0.0,33.47,7165659.38,765000.0,7930659.38
Asphalt,19.76,5.5,0.2,2,Strong,Standard,32006.26,1738.88,434.72,1195.48,0.0,128709724.0,11954800.0,140664524.0
Concrete,8.84,10.0,0.18,4,Weak,Standard,23629.32,8751.6,4773.6,0.0,556.92,125036496.0,12729600.0,137766096.0
Asphalt,7.99,6.0,0.22,2,Medium,Premium,17982.29,928.12,232.03,638.08,0.0,70316570.28,6380814.0,76697384.28
Concrete,13.75,6.0,0.22,2,Weak,Standard,26952.75,9982.5,5445.0,0.0,635.25,142622700.0,14520000.0,157142700.0
Concrete,4.76,5.5,0.22,2,Medium,Standard,7775.46,3167.78,1727.88,0.0,201.59,43859354.0,4607680.0,48467034.0
Concrete,19.02,7.5,0.18,2,Medium,Premium,38130.35,15534.58,8473.41,0.0,988.56,215083390.5,22595760.0,237679150.5
Concrete,15.83,10.0,0.2,4,Medium,Standard,42741.0,17413.0,9498.0,0.0,1108.1,241090900.0,25328000.0,266418900.0
Asphalt,2.24,7.0,0.25,2,Medium,Premium,6683.6,344.96,86.24,237.16,0.0,26135032.0,2371600.0,28506632.0
Concrete,8.64,5.5,0.2,2,Weak,Standard,14113.44,5227.2,2851.2,0.0,332.64,74682432.0,7603200.0,82285632.0
Concrete,17.64,7.5,0.15,2,Weak,Premium,32416.81,12006.22,6548.85,0.0,764.03,171536211.0,17463600.0,188999811.0
Concrete,18.92,7.0,0.22,2,Weak,Standard,43268.15,16025.24,8741.04,0.0,1019.79,228956974.4,23309440.0,252266414.4
Asphalt,9.61,6.0,0.2,2,Strong,Premium,18678.96,1014.82,253.7,697.69,0.0,75115411.8,6976860.0,82092271.8
Concrete,12.46,6.0,0.25,2,Medium,Premium,27754.65,11307.45,6167.7,0.0,719.57,156556785.0,16447200.0,173003985.0
Asphalt,3.76,7.0,0.15,2,Strong,Standard,5813.43,315.84,78.96,217.14,0.0,23378082.0,2171400.0,25549482.0
Concrete,19.83,5.5,0.18,2,Medium,Standard,26502.8,10797.44,5889.51,0.0,687.11,149495395.5,15705360.0,165200755.5
Asphalt,5.02,6.0,0.18,2,Medium,Standard,8403.48,433.73,108.43,298.19,0.0,32860317.6,2981880.0,35842197.6
Asphalt,18.88,10.0,0.25,4,Medium,Standard,73160.0,3776.0,944.0,2596.0,0.0,286079200.0,25960000.0,312039200.0
Concrete,13.17,11.0,0.15,4,Medium,Standard,29336.18,11951.78,6519.15,0.0,760.57,165477757.5,17384400.0,182862157.5
Asphalt,12.35,7.0,0.22,2,Medium,Standard,29479.45,1521.52,380.38,1046.04,0.0,115274159.0,10460450.0,125734609.0
Concrete,10.5,7.0,0.2,2,Medium,Standard,19845.0,8085.0,4410.0,0.0,514.5,111940500.0,11760000.0,123700500.0
Concrete,5.0,6.0,0.15,2,Weak,Standard,6682.5,2475.0,1350.0,0.0,157.5,35361000.0,3600000.0,38961000.0
Concrete,3.94,5.5,0.18,2,Medium,Standard,5265.81,2145.33,1170.18,0.0,136.52,29703069.0,3120480.0,32823549.0
Asphalt,4.8,10.0,0.25,4,Medium,Standard,18600.0,960.0,240.0,660.0,0.0,72732000.0,6600000.0,79332000.0
Asphalt,4.14,5.5,0.25,2,Medium,Standard,8823.38,455.4,113.85,313.09,0.0,34502242.5,3130875.0,37633117.5
Concrete,15.7,7.5,0.2,2,Weak,Standard,34971.75,12952.5,7065.0,0.0,824.25,185055900.0,18840000.0,203895900.0
Concrete,7.33,7.5,0.25,2,Medium,Standard,18554.06,7559.06,4123.12,0.0,481.03,104658656.25,10995000.0,115653656.25
Asphalt,1.63,11.0,0.25,4,Strong,Standard,6600.48,358.6,89.65,246.54,0.0,26543123.75,2465375.0,29008498.75
Concrete,19.4,6.0,0.15,2,Weak,Standard,25928.1,9603.0,5238.0,0.0,611.1,137200680.0,13968000.0,151168680.0
Concrete,17.73,6.0,0.22,2,Medium,Standard,31594.86,12871.98,7021.08,0.0,819.13,178218414.0,18722880.0,196941294.0
Concrete,18.59,6.0,0.2,2,Strong,Standard,28610.01,12269.4,6692.4,0.0,780.78,167164998.0,17846400.0,185011398.0
Asphalt,19.9,11.0,0.15,4,Weak,Premium,61582.04,2889.48,722.37,1986.52,0.0,228991290.0,19865175.0,248856465.0
Asphalt,3.89,7.5,0.22,2,Weak,Standard,10943.54,513.48,128.37,353.02,0.0,40693290.0,3530175.0,44223465.0
Asphalt,8.23,5.5,0.15,2,Medium,Standard,10524.11,543.18,135.8,373.44,0.0,41152674.75,3734362.5,44887037.25
Concrete,15.29,11.0,0.15,4,Medium,Standard,34058.48,13875.68,7568.55,0.0,883.0,192115027.5,20182800.0,212297827.5
Concrete,14.07,11.0,0.25,4,Medium,Premium,57458.36,23408.96,12768.53,0.0,1489.66,324107726.25,34049400.0,358157126.25
Concrete,3.5,5.5,0.22,2,Strong,Premium,5974.53,2562.18,1397.55,0.0,163.05,34908469.75,3726800.0,38635269.75
Asphalt,16.41,6.0,0.2,2,Weak,Standard,33574.86,1575.36,393.84,1083.06,0.0,124847280.0,10830600.0,135677880.0
Concrete,4.88,10.0,0.2,4,Medium,Standard,13176.0,5368.0,2928.0,0.0,341.6,74322400.0,7808000.0,82130400.0
Concrete,4.86,5.5,0.22,2,Medium,Premium,8732.69,3557.76,1940.6,0.0,226.4,49258845.9,5174928.0,54433773.9
Concrete,10.97,7.5,0.25,2,Weak,Standard,30544.59,11312.81,6170.62,0.0,719.91,161629237.5,16455000.0,178084237.5
Concrete,12.06,7.0,0.18,2,Medium,Standard,20514.06,8357.58,4558.68,0.0,531.85,115714494.0,12156480.0,127870974.0
Asphalt,11.81,7.0,0.15,2,Medium,Standard,19220.78,992.04,248.01,682.03,0.0,75159430.5,6820275.0,81979705.5
Asphalt,2.28,11.0,0.25,4,Medium,Standard,9718.5,501.6,125.4,344.85,0.0,38002470.0,3448500.0,41450970.0
Concrete,17.61,7.0,0.22,2,Weak,Premium,44299.54,16407.24,8949.4,0.0,1044.1,234414669.72,23865072.0,258279741.72
Asphalt,5.68,10.0,0.15,4,Medium,Premium,14526.6,749.76,187.44,515.46,0.0,56803692.0,5154600.0,61958292.0
Asphalt,3.03,6.0,0.2,2,Medium,Premium,6199.38,319.97,79.99,219.98,0.0,24241575.6,2199780.0,26441355.6
Concrete,17.83,7.5,0.18,2,Strong,Standard,30870.42,13238.78,7221.15,0.0,842.47,180372291.75,19256400.0,199628691.75
Concrete,19.14,10.0,0.2,4,Weak,Premium,62530.38,23159.4,12632.4,0.0,1473.78,330884664.0,33686400.0,364571064.0
Asphalt,17.31,7.5,0.22,2,Medium,Standard,44270.32,2284.92,571.23,1570.88,0.0,173111251.5,15708825.0,188820076.5
Concrete,16.29,7.5,0.15,2,Medium,Standard,24740.44,10079.44,5497.88,0.0,641.42,139554393.75,14661000.0,154215393.75
Asphalt,13.28,6.0,0.22,2,Medium,Premium,29887.97,1542.6,385.65,1060.54,0.0,116871596.16,10605408.0,127477004.16
Concrete,11.24,11.0,0.15,4,Medium,Standard,25037.1,10200.3,5563.8,0.0,649.11,141227790.0,14836800.0,156064590.0
Asphalt,2.2,7.0,0.25,2,Medium,Standard,5967.5,308.0,77.0,211.75,0.0,23334850.0,2117500.0,25452350.0
Concrete,8.46,6.0,0.18,2,Medium,Standard,12334.68,5025.24,2741.04,0.0,319.79,69576732.0,7309440.0,76886172.0
Asphalt,7.77,10.0,0.25,4,Strong,Premium,31463.64,1709.4,427.35,1175.21,0.0,126527651.25,11752125.0,138279776.25
Asphalt,5.57,11.0,0.25,4,Medium,Standard,23742.12,1225.4,306.35,842.46,0.0,92839367.5,8424625.0,101263992.5
Asphalt,14.61,10.0,0.22,4,Medium,Standard,49820.1,2571.36,642.84,1767.81,0.0,194812662.0,17678100.0,212490762.0
Concrete,10.17,11.0,0.18,4,Strong,Standard,25825.19,11075.13,6040.98,0.0,704.78,150893612.1,16109280.0,167002892.1
Asphalt,2.08,10.0,0.15,4,Strong,Premium,5053.62,274.56,68.64,188.76,0.0,20322588.0,1887600.0,22210188.0
Asphalt,4.79,6.0,0.15,2,Strong,Premium,6982.74,379.37,94.84,260.82,0.0,28080345.15,2608155.0,30688500.15
Concrete,13.82,11.0,0.2,4,Medium,Standard,41045.4,16722.2,9121.2,0.0,1064.14,231526460.0,24323200.0,255849660.0
Concrete,1.98,11.0,0.15,4,Weak,Standard,4851.5,1796.85,980.1,0.0,114.35,25672086.0,2613600.0,28285686.0
Asphalt,17.1,7.5,0.22,2,Medium,Standard,43733.25,2257.2,564.3,1551.82,0.0,171011115.0,15518250.0,186529365.0
Asphalt,10.16,7.5,0.25,2,Medium,Premium,32480.25,1676.4,419.1,1152.53,0.0,127008255.0,11525250.0,138533505.0
Concrete,9.87,5.5,0.25,2,Medium,Standard,18321.19,7464.19,4071.38,0.0,474.99,103345068.75,10857000.0,114202068.75
Concrete,12.05,10.0,0.25,4,Medium,Premium,44735.62,18225.62,9941.25,0.0,1159.81,252342062.5,26510000.0,278852062.5
Concrete,16.58,7.5,0.18,2,Strong,Standard,28706.2,12310.65,6714.9,0.0,783.41,167727010.5,17906400.0,185633410.5
Concrete,7.28,5.5,0.15,2,Medium,Premium,8918.91,3633.63,1981.98,0.0,231.23,50309259.0,5285280.0,55594539.0
Concrete,13.72,7.5,0.22,2,Strong,Premium,31936.56,13695.99,7470.54,0.0,871.56,186601638.3,19921440.0,206523078.3
Asphalt,11.53,10.0,0.18,4,Medium,Standard,32168.7,1660.32,415.08,1141.47,0.0,125789994.0,11414700.0,137204694.0
Concrete,5.71,11.0,0.2,4,Medium,Premium,18654.57,7600.01,4145.46,0.0,483.64,105225593.0,11054560.0,116280153.0
Asphalt,17.63,7.0,0.22,2,Medium,Standard,42082.81,2172.02,543.0,1493.26,0.0,164557362.2,14932610.0,179489972.2
Asphalt,16.05,10.0,0.22,4,Medium,Standard,54730.5,2824.8,706.2,1942.05,0.0,214013910.0,19420500.0,233434410.0
Asphalt,13.34,6.0,0.22,2,Weak,Standard,30023.0,1408.7,352.18,968.48,0.0,111639792.0,9684840.0,121324632.0
Concrete,17.09,7.5,0.25,2,Weak,Premium,52343.47,19386.47,10574.44,0.0,1233.68,276979766.25,28198500.0,305178266.25
Asphalt,17.41,7.5,0.22,2,Strong,Standard,42299.77,2298.12,574.53,1579.96,0.0,170103969.75,15799575.0,185903544.75
Asphalt,14.31,11.0,0.15,4,Weak,Standard,40257.61,1888.92,472.23,1298.63,0.0,149696910.0,12986325.0,162683235.0
Concrete,16.82,6.0,0.22,2,Medium,Standard,29973.24,12211.32,6660.72,0.0,777.08,169071276.0,17761920.0,186833196.0
Asphalt,14.1,11.0,0.25,4,Medium,Standard,60101.25,3102.0,775.5,2132.62,0.0,235015275.0,21326250.0,256341525.0
Asphalt,13.76,6.0,0.22,2,Medium,Standard,28152.96,1453.06,363.26,998.98,0.0,110087155.2,9989760.0,120076915.2
Concrete,12.56,7.0,0.2,2,Medium,Standard,23738.4,9671.2,5275.2,0.0,615.44,133902160.0,14067200.0,147969360.0
Asphalt,15.18,7.5,0.2,2,Medium,Premium,38822.85,2003.76,500.94,1377.58,0.0,151809867.0,13775850.0,165585717.0
Asphalt,3.59,7.5,0.25,2,Medium,Standard,10433.44,538.5,134.62,370.22,0.0,40798106.25,3702187.5,44500293.75
Asphalt,17.68,7.0,0.15,2,Medium,Standard,28774.2,1485.12,371.28,1021.02,0.0,112516404.0,10210200.0,122726604.0
Concrete,17.5,5.5,0.15,2,Medium,Standard,19490.62,7940.63,4331.25,0.0,505.31,109941562.5,11550000.0,121491562.5
Concrete,1.07,11.0,0.18,4,Weak,Standard,3146.12,1165.23,635.58,0.0,74.15,16647958.8,1694880.0,18342838.8
Concrete,16.6,7.0,0.25,2,Medium,Premium,43139.25,17575.25,9586.5,0.0,1118.43,243337325.0,25564000.0,268901325.0
Asphalt,3.01,11.0,0.22,4,Weak,Premium,13661.52,641.01,160.25,440.69,0.0,50800010.8,4406941.0,55206951.8
Asphalt,7.03,10.0,0.25,4,Medium,Standard,27241.25,1406.0,351.5,966.62,0.0,106522075.0,9666250.0,116188325.0
Concrete,15.0,7.5,0.18,2,Medium,Premium,30071.25,12251.25,6682.5,0.0,779.63,169624125.0,17820000.0,187444125.0
Asphalt,3.63,11.0,0.25,4,Weak,Premium,18722.18,878.46,219.62,603.94,0.0,69617955.0,6039412.5,75657367.5
Asphalt,16.45,6.0,0.25,2,Strong,Premium,39967.33,2171.4,542.85,1492.84,0.0,160724313.75,14928375.0,175652688.75
Concrete,16.73,11.0,0.18,4,Medium,Standard,44719.29,18218.97,9937.62,0.0,1159.39,252249921.0,26500320.0,278750241.0
Concrete,10.4,10.0,0.15,4,Strong,Premium,22007.7,9438.0,5148.0,0.0,600.6,128588460.0,13728000.0,142316460.0
Asphalt,0.62,7.5,0.22,2,Strong,Standard,1506.37,81.84,20.46,56.26,0.0,6057694.5,562650.0,6620344.5
Asphalt,6.1,7.0,0.18,2,Medium,Standard,11913.3,614.88,153.72,422.73,0.0,46584846.0,4227300.0,50812146.0
Asphalt,12.53,10.0,0.2,4,Weak,Standard,42727.3,2004.8,501.2,1378.3,0.0,158880400.0,13783000.0,172663400.0
Concrete,19.63,7.5,0.15,2,Medium,Standard,29813.06,12146.06,6625.12,0.0,772.93,168167756.25,17667000.0,185834756.25
Concrete,12.82,11.0,0.2,4,Medium,Standard,38075.4,15512.2,8461.2,0.0,987.14,214773460.0,22563200.0,237336660.0
Concrete,5.57,5.5,0.15,2,Medium,Standard,6203.59,2527.39,1378.58,0.0,160.83,34992828.75,3676200.0,38669028.75
Concrete,12.86,5.5,0.22,2,Weak,Standard,23107.49,8558.33,4668.18,0.0,544.62,122275194.8,12448480.0,134723674.8
Asphalt,11.03,6.0,0.22,2,Medium,Premium,24824.12,1281.24,320.31,880.86,0.0,97070309.16,8808558.0,105878867.16
Concrete,15.71,7.5,0.25,2,Strong,Premium,41555.4,17821.03,9720.56,0.0,1134.07,242803450.31,25921500.0,268724950.31
Concrete,2.59,5.5,0.2,2,Medium,Standard,3846.15,1566.95,854.7,0.0,99.72,21695135.0,2279200.0,23974335.0
Concrete,15.34,7.0,0.15,2,Weak,Premium,26310.78,9744.74,5315.31,0.0,620.12,139225686.6,14174160.0,153399846.6
Concrete,11.05,7.5,0.22,2,Medium,Premium,27075.26,11030.66,6016.72,0.0,701.95,152724536.25,16044600.0,168769136.25
Concrete,19.28,7.0,0.18,2,Medium,Premium,36074.81,14697.14,8016.62,0.0,935.27,203488639.2,21377664.0,224866303.2
Asphalt,7.17,7.0,0.22,2,Medium,Standard,17114.79,883.34,220.84,607.3,0.0,66924349.8,6072990.0,72997339.8
Asphalt,12.84,5.5,0.18,2,Strong,Standard,18717.83,1016.93,254.23,699.14,0.0,75271739.4,6991380.0,82263119.4
Concrete,18.67,7.5,0.15,2,Medium,Premium,31190.57,12707.27,6931.24,0.0,808.64,175937911.88,18483300.0,194421211.88
Asphalt,2.5,11.0,0.22,4,Medium,Standard,9377.5,484.0,121.0,332.75,0.0,36669050.0,3327500.0,39996550.0
Concrete,18.78,10.0,0.22,4,Weak,Standard,61354.26,22723.8,12394.8,0.0,1446.06,324661128.0,33052800.0,357713928.0
Concrete,13.91,5.5,0.15,2,Strong,Standard,14717.65,6311.66,3442.72,0.0,401.65,85993532.62,9180600.0,95174132.62
Asphalt,1.82,5.5,0.22,2,Medium,Standard,3413.41,176.18,44.04,121.12,0.0,13347534.2,1211210.0,14558744.2
Asphalt,6.37,11.0,0.18,4,Medium,Standard,19549.53,1009.01,252.25,693.69,0.0,76444968.6,6936930.0,83381898.6
Concrete,14.31,7.5,0.22,2,Medium,Standard,31875.52,12986.32,7083.45,0.0,826.4,179801572.5,18889200.0,198690772.5
Concrete,1.81,7.5,0.2,2,Weak,Standard,4031.78,1493.25,814.5,0.0,95.02,21334470.0,2172000.0,23506470.0
Concrete,11.85,7.0,0.25,2,Medium,Premium,30795.19,12546.19,6843.38,0.0,798.39,173707668.75,18249000.0,191956668.75
Asphalt,7.24,11.0,0.18,4,Medium,Premium,24441.52,1261.5,315.37,867.28,0.0,95574211.92,8672796.0,104247007.92
Concrete,12.61,11.0,0.2,4,Weak,Standard,41196.87,15258.1,8322.6,0.0,970.97,217996636.0,22193600.0,240190236.0
Concrete,1.39,7.5,0.15,2,Medium,Premium,2322.17,946.07,516.04,0.0,60.2,13098751.88,1376100.0,14474851.88
Concrete,17.49,7.0,0.18,2,Strong,Standard,28262.97,12120.57,6611.22,0.0,771.31,165137256.9,17629920.0,182767176.9
Asphalt,19.48,5.5,0.25,2,Weak,Standard,45668.42,2142.8,535.7,1473.18,0.0,169816900.0,14731750.0,184548650.0
Concrete,19.39,6.0,0.25,2,Medium,Premium,43191.23,17596.43,9598.05,0.0,1119.77,243630502.5,25594800.0,269225302.5
Concrete,15.12,10.0,0.15,4,Medium,Premium,33679.8,13721.4,7484.4,0.0,873.18,189979020.0,19958400.0,209937420.0
Asphalt,3.04,5.5,0.15,2,Medium,Premium,4276.14,220.7,55.18,151.73,0.0,16721086.8,1517340.0,18238426.8
Concrete,15.29,7.5,0.18,2,Strong,Standard,26472.72,11352.82,6192.45,0.0,722.45,154677080.25,16513200.0,171190280.25
Concrete,0.98,10.0,0.22,4,Medium,Premium,3201.66,1304.38,711.48,0.0,83.01,18059734.0,1897280.0,19957014.0
Asphalt,0.93,6.0,0.15,2,Medium,Standard,1297.35,66.96,16.74,46.04,0.0,5073057.0,460350.0,5533407.0
Concrete,6.81,6.0,0.22,2,Medium,Premium,13348.96,5438.47,2966.44,0.0,346.08,75298033.8,7910496.0,83208529.8
Asphalt,10.03,7.0,0.2,2,Weak,Premium,26335.77,1235.7,308.92,849.54,0.0,97928908.0,8495410.0,106424318.0
Asphalt,15.52,10.0,0.25,4,Medium,Standard,60140.0,3104.0,776.0,2134.0,0.0,235166800.0,21340000.0,256506800.0
Concrete,13.82,7.0,0.22,2,Medium,Standard,28731.78,11705.54,6384.84,0.0,744.9,162068522.0,17026240.0,179094762.0
Concrete,9.2,5.5,0.25,2,Medium,Premium,18785.25,7653.25,4174.5,0.0,487.03,105962725.0,11132000.0,117094725.0
Concrete,5.84,11.0,0.22,4,Strong,Standard,18125.32,7773.04,4239.84,0.0,494.65,105904136.8,11306240.0,117210376.8
Concrete,19.94,11.0,0.2,4,Medium,Standard,59221.8,24127.4,13160.4,0.0,1535.38,334054820.0,35094400.0,369149220.0
Asphalt,8.81,11.0,0.15,4,Medium,Premium,24784.73,1279.21,319.8,879.46,0.0,96916299.15,8794582.5,105710881.65
Concrete,9.3,10.0,0.2,4,Strong,Standard,23854.5,10230.0,5580.0,0.0,651.0,139379100.0,14880000.0,154259100.0
Asphalt,3.69,11.0,0.15,4,Weak,Premium,11418.98,535.79,133.95,368.35,0.0,42461199.0,3683542.5,46144741.5
Concrete,16.0,5.5,0.15,2,Weak,Standard,19602.0,7260.0,3960.0,0.0,462.0,103725600.0,10560000.0,114285600.0
Concrete,14.03,7.0,0.25,2,Medium,Standard,33145.88,13503.88,7365.75,0.0,859.34,186967287.5,19642000.0,206609287.5
Concrete,4.81,10.0,0.2,4,Medium,Premium,14285.7,5820.1,3174.6,0.0,370.37,80581930.0,8465600.0,89047530.0
Asphalt,2.11,7.0,0.22,2,Medium,Standard,5036.57,259.95,64.99,178.72,0.0,19694613.4,1787170.0,21481783.4
Concrete,13.77,10.0,0.2,4,Medium,Standard,37179.0,15147.0,8262.0,0.0,963.9,209717100.0,22032000.0,231749100.0
Concrete,13.26,7.0,0.25,2,Strong,Premium,32736.45,14039.03,7657.65,0.0,893.39,191275334.25,20420400.0,211695734.25
Concrete,5.83,6.0,0.15,2,Medium,Standard,7083.45,2885.85,1574.1,0.0,183.64,39955905.0,4197600.0,44153505.0
Concrete,19.04,7.0,0.25,2,Medium,Standard,44982.0,18326.0,9996.0,0.0,1166.2,253731800.0,26656000.0,280387800.0
Asphalt,3.45,11.0,0.18,4,Weak,Standard,11646.86,546.48,136.62,375.7,0.0,43308540.0,3757050.0,47065590.0
Concrete,8.93,6.0,0.18,2,Weak,Premium,15754.13,5834.86,3182.65,0.0,371.31,83364264.72,8487072.0,91851336.72
Asphalt,18.9,7.0,0.22,2,Medium,Premium,49625.73,2561.33,640.33,1760.91,0.0,194052612.6,17609130.0,211661742.6
Asphalt,8.68,10.0,0.25,4,Medium,Premium,36998.5,1909.6,477.4,1312.85,0.0,144676070.0,13128500.0,157804570.0
Asphalt,12.95,10.0,0.22,4,Strong,Standard,41951.52,2279.2,569.8,1566.95,0.0,168703535.0,15669500.0,184373035.0
Asphalt,8.25,10.0,0.22,4,Weak,Premium,34040.33,1597.2,399.3,1098.08,0.0,126578100.0,10980750.0,137558850.0
Asphalt,5.85,7.5,0.18,2,Weak,Standard,13465.24,631.8,157.95,434.36,0.0,50070150.0,4343625.0,54413775.0
Asphalt,19.69,5.5,0.22,2,Medium,Standard,36928.6,1905.99,476.5,1310.37,0.0,144402718.9,13103695.0,157506413.9
Concrete,8.48,10.0,0.18,4,Medium,Standard,20606.4,8395.2,4579.2,0.0,534.24,116235360.0,12211200.0,128446560.0
Asphalt,17.93,6.0,0.15,2,Weak,Premium,30264.94,1420.06,355.01,976.29,0.0,112539438.0,9762885.0,122302323.0
Asphalt,4.98,10.0,0.25,4,Medium,Premium,21227.25,1095.6,273.9,753.22,0.0,83005395.0,7532250.0,90537645.0
Asphalt,4.66,7.5,0.22,2,Weak,Standard,13109.75,615.12,153.78,422.9,0.0,48748260.0,4228950.0,52977210.0
Concrete,1.11,11.0,0.18,4,Medium,Standard,2967.03,1208.79,659.34,0.0,76.92,16736247.0,1758240.0,18494487.0
Concrete,13.21,6.0,0.2,2,Medium,Premium,23540.22,9590.46,5231.16,0.0,610.3,132784278.0,13949760.0,146734038.0
Asphalt,7.69,7.5,0.22,2,Weak,Standard,21633.89,1015.08,253.77,697.87,0.0,80445090.0,6978675.0,87423765.0
Concrete,17.35,11.0,0.15,4,Medium,Premium,42511.84,17319.64,9447.08,0.0,1102.16,239798253.75,25192200.0,264990453.75
Asphalt,9.73,6.0,0.15,2,Strong,Standard,12894.68,700.56,175.14,481.64,0.0,51854575.5,4816350.0,56670925.5
Asphalt,19.38,7.0,0.2,2,Medium,Standard,42054.6,2170.56,542.64,1492.26,0.0,164447052.0,14922600.0,179369652.0
Concrete,4.12,5.5,0.18,2,Medium,Standard,5506.38,2243.34,1223.64,0.0,142.76,31060062.0,3263040.0,34323102.0
Asphalt,17.44,5.5,0.22,2,Weak,Standard,35979.59,1688.19,422.05,1160.63,0.0,133789216.0,11606320.0,145395536.0
Concrete,15.64,7.5,0.18,2,Medium,Premium,31354.29,12773.97,6967.62,0.0,812.89,176861421.0,18580320.0,195441741.0
Concrete,15.53,11.0,0.15,4,Medium,Standard,34593.08,14093.48,7687.35,0.0,896.86,195130567.5,20499600.0,215630167.5
Asphalt,16.97,5.5,0.18,2,Medium,Premium,28644.51,1478.43,369.61,1016.42,0.0,112009280.13,10164181.5,122173461.63
Asphalt,15.34,11.0,0.15,4,Medium,Standard,39232.05,2024.88,506.22,1392.1,0.0,153409971.0,13921050.0,167331021.0
Concrete,12.71,11.0,0.18,4,Strong,Standard,32275.14,13841.19,7549.74,0.0,880.8,188579922.3,20132640.0,208712562.3
Asphalt,3.06,7.5,0.2,2,Medium,Standard,7114.5,367.2,91.8,252.45,0.0,27819990.0,2524500.0,30344490.0
Asphalt,1.13,7.5,0.25,2,Weak,Standard,3612.47,169.5,42.38,116.53,0.0,13432875.0,1165312.5,14598187.5
Asphalt,18.46,7.5,0.2,2,Weak,Premium,51932.6,2436.72,609.18,1675.24,0.0,193110060.0,16752450.0,209862510.0
Concrete,12.52,5.5,0.2,2,Strong,Standard,17662.59,7574.6,4131.6,0.0,482.02,103200482.0,11017600.0,114218082.0
Concrete,16.03,7.5,0.25,2,Medium,Standard,40575.94,16530.94,9016.88,0.0,1051.97,228878343.75,24045000.0,252923343.75
Asphalt,9.89,5.5,0.25,2,Medium,Standard,21078.06,1087.9,271.98,747.93,0.0,82422023.75,7479312.5,89901336.25
Concrete,2.79,7.5,0.22,2,Medium,Standard,6214.72,2531.93,1381.05,0.0,161.12,35055652.5,3682800.0,38738452.5
Concrete,2.94,10.0,0.22,4,Medium,Standard,8731.8,3557.4,1940.4,0.0,226.38,49253820.0,5174400.0,54428220.0
Concrete,13.87,11.0,0.2,4,Weak,Premium,49844.62,18460.97,10069.62,0.0,1174.79,263756913.2,26852320.0,290609233.2
Concrete,8.89,7.5,0.2,2,Strong,Standard,17102.14,7334.25,4000.5,0.0,466.72,99925822.5,10668000.0,110593822.5
Concrete,4.41,6.0,0.15,2,Medium,Standard,5358.15,2182.95,1190.7,0.0,138.92,30223935.0,3175200.0,33399135.0
Asphalt,10.09,11.0,0.15,4,Strong,Standard,24514.92,1331.88,332.97,915.67,0.0,98584092.75,9156675.0,107740767.75
Asphalt,1.75,11.0,0.22,4,Medium,Premium,7220.68,372.68,93.17,256.22,0.0,28235168.5,2562175.0,30797343.5
Asphalt,11.85,7.5,0.22,2,Medium,Standard,30306.38,1564.2,391.05,1075.39,0.0,118507702.5,10753875.0,129261577.5
Concrete,5.75,7.0,0.15,2,Medium,Standard,8150.63,3320.63,1811.25,0.0,211.31,45975562.5,4830000.0,50805562.5
Concrete,16.05,7.5,0.15,2,Medium,Standard,24375.94,9930.94,5416.88,0.0,631.97,137498343.75,14445000.0,151943343.75
Asphalt,6.55,11.0,0.18,4,Strong,Standard,19096.85,1037.52,259.38,713.3,0.0,76795933.5,7132950.0,83928883.5
Concrete,9.38,6.0,0.18,2,Strong,Standard,12992.24,5571.72,3039.12,0.0,354.56,75912152.4,8104320.0,84016472.4
Asphalt,0.73,11.0,0.15,4,Strong,Standard,1773.63,96.36,24.09,66.25,0.0,7132446.75,662475.0,7794921.75
Asphalt,1.91,6.0,0.18,2,Medium,Premium,3517.07,181.53,45.38,124.8,0.0,13752893.88,1247994.0,15000887.88
Asphalt,8.15,5.5,0.25,2,Medium,Standard,17369.69,896.5,224.12,616.34,0.0,67921081.25,6163437.5,74084518.75
Concrete,9.86,10.0,0.22,4,Medium,Premium,32212.62,13123.66,7158.36,0.0,835.14,181703038.0,19088960.0,200791998.0
Concrete,12.2,11.0,0.22,4,Strong,Standard,37864.53,16238.2,8857.2,0.0,1033.34,221238094.0,23619200.0,244857294.0
Asphalt,6.19,7.5,0.15,2,Weak,Standard,11873.19,557.1,139.28,383.01,0.0,44150175.0,3830062.5,47980237.5
Asphalt,14.05,5.5,0.2,2,Medium,Standard,23955.25,1236.4,309.1,850.02,0.0,93672755.0,8500250.0,102173005.0
Asphalt,17.27,10.0,0.15,4,Medium,Standard,40152.75,2072.4,518.1,1424.78,0.0,157010205.0,14247750.0,171257955.0
Asphalt,15.71,7.5,0.18,2,Medium,Premium,36160.49,1866.35,466.59,1283.11,0.0,141399190.35,12831142.5,154230332.85
Concrete,1.27,7.0,0.2,2,Strong,Standard,2280.28,977.9,533.4,0.0,62.23,13323443.0,1422400.0,14745843.0
Concrete,9.87,7.5,0.18,2,Medium,Standard,17988.08,7328.48,3997.35,0.0,466.36,101466067.5,10659600.0,112125667.5
Asphalt,2.55,6.0,0.25,2,Medium,Standard,5928.75,306.0,76.5,210.38,0.0,23183325.0,2103750.0,25287075.0
Asphalt,5.22,6.0,0.18,2,Weak,Premium,10573.32,496.11,124.03,341.07,0.0,39316622.4,3410748.0,42727370.4
Concrete,19.74,7.0,0.25,2,Medium,Standard,46635.75,18999.75,10363.5,0.0,1209.08,263060175.0,27636000.0,290696175.0
Concrete,3.28,5.5,0.25,2,Medium,Premium,6697.35,2728.55,1488.3,0.0,173.64,37778015.0,3968800.0,41746815.0
Asphalt,10.23,10.0,0.18,4,Medium,Standard,28541.7,1473.12,368.28,1012.77,0.0,111607254.0,10127700.0,121734954.0
Asphalt,12.55,7.5,0.18,2,Strong,Standard,24947.83,1355.4,338.85,931.84,0.0,100325013.75,9318375.0,109643388.75
Asphalt,14.2,6.0,0.25,2,Strong,Standard,31364.25,1704.0,426.0,1171.5,0.0,126127950.0,11715000.0,137842950.0
Concrete,11.41,5.5,0.2,2,Weak,Standard,18638.24,6903.05,3765.3,0.0,439.28,98625758.0,10040800.0,108666558.0
Concrete,0.69,7.0,0.25,2,Medium,Standard,1630.12,664.12,362.25,0.0,42.26,9195112.5,966000.0,10161112.5
Concrete,6.87,11.0,0.22,4,Strong,Standard,21322.08,9143.97,4987.62,0.0,581.89,124582434.9,13300320.0,137882754.9
Asphalt,10.6,6.0,0.25,2,Weak,Premium,29820.45,1399.2,349.8,961.95,0.0,110886600.0,9619500.0,120506100.0
Asphalt,2.21,7.0,0.2,2,Weak,Premium,5802.8,272.27,68.07,187.19,0.0,21577556.0,1871870.0,23449426.0
Concrete,7.34,7.5,0.22,2,Weak,Premium,19783.32,7327.16,3996.63,0.0,466.27,104685061.8,10657680.0,115342741.8
Concrete,1.15,10.0,0.15,4,Medium,Standard,2328.75,948.75,517.5,0.0,60.38,13135875.0,1380000.0,14515875.0
Asphalt,2.03,6.0,0.15,2,Weak,Standard,3115.04,146.16,36.54,100.48,0.0,11583180.0,1004850.0,12588030.0
Concrete,8.24,6.0,0.2,2,Strong,Standard,12681.36,5438.4,2966.4,0.0,346.08,74095728.0,7910400.0,82006128.0
Concrete,3.09,7.5,0.25,2,Medium,Premium,8603.72,3505.22,1911.94,0.0,223.06,48531346.88,5098500.0,53629846.88
Asphalt,11.57,11.0,0.18,4,Medium,Premium,39059.16,2015.96,503.99,1385.97,0.0,152733927.06,13859703.0,166593630.06
Concrete,13.94,5.5,0.2,2,Medium,Standard,20700.9,8433.7,4600.2,0.0,536.69,116768410.0,12267200.0,129035610.0
Asphalt,16.11,10.0,0.22,4,Medium,Standard,54935.1,2835.36,708.84,1949.31,0.0,214813962.0,19493100.0,234307062.0
Asphalt,4.4,6.0,0.22,2,Medium,Standard,9002.4,464.64,116.16,319.44,0.0,35202288.0,3194400.0,38396688.0
Asphalt,3.77,10.0,0.15,4,Medium,Standard,8765.25,452.4,113.1,311.02,0.0,34274955.0,3110250.0,37385205.0
Asphalt,2.54,6.0,0.22,2,Medium,Standard,5196.84,268.22,67.06,184.4,0.0,20321320.8,1844040.0,22165360.8
Asphalt,12.91,10.0,0.2,4,Medium,Standard,40021.0,2065.6,516.4,1420.1,0.0,156495020.0,14201000.0,170696020.0
Asphalt,14.28,7.0,0.22,2,Strong,Premium,35620.25,1935.23,483.81,1330.47,0.0,143242979.88,13304676.0,156547655.88
Asphalt,1.12,6.0,0.2,2,Strong,Standard,1979.04,107.52,26.88,73.92,0.0,7958496.0,739200.0,8697696.0
Concrete,18.76,10.0,0.18,4,Medium,Standard,45586.8,18572.4,10130.4,0.0,1181.88,257143320.0,27014400.0,284157720.0
Asphalt,1.51,5.5,0.15,2,Weak,Premium,2336.4,109.63,27.41,75.37,0.0,8687860.5,753678.75,9441539.25
Asphalt,11.06,7.0,0.22,2,Weak,Standard,29040.24,1362.59,340.65,936.78,0.0,107985416.0,9367820.0,117353236.0
Concrete,14.33,7.0,0.2,2,Medium,Standard,27083.7,11034.1,6018.6,0.0,702.17,152772130.0,16049600.0,168821730.0
Concrete,17.48,5.5,0.25,2,Medium,Standard,32447.25,13219.25,7210.5,0.0,841.23,183026525.0,19228000.0,202254525.0
Concrete,14.42,10.0,0.15,4,Medium,Standard,29200.5,11896.5,6489.0,0.0,757.05,164712450.0,17304000.0,182016450.0
Asphalt,16.13,7.5,0.18,2,Medium,Standard,33752.02,1742.04,435.51,1197.65,0.0,131981305.5,11976525.0,143957830.5
Concrete,7.12,5.5,0.2,2,Strong,Premium,11048.99,4738.36,2584.56,0.0,301.53,64558001.2,6892160.0,71450161.2
Asphalt,16.39,10.0,0.18,4,Strong,Standard,43441.7,2360.16,590.04,1622.61,0.0,174696093.0,16226100.0,190922193.0
Asphalt,2.06,5.5,0.18,2,Strong,Standard,3003.02,163.15,40.79,112.17,0.0,12076307.1,1121670.0,13197977.1
Asphalt,17.95,5.5,0.22,2,Medium,Standard,33665.22,1737.56,434.39,1194.57,0.0,131641889.5,11945725.0,143587614.5
Asphalt,11.18,6.0,0.22,2,Medium,Standard,22874.28,1180.61,295.15,811.67,0.0,89445813.6,8116680.0,97562493.6
Concrete,16.44,10.0,0.2,4,Medium,Premium,48826.8,19892.4,10850.4,0.0,1265.88,275419320.0,28934400.0,304353720.0
Concrete,9.32,7.5,0.25,2,Weak,Premium,28545.41,10572.38,5766.75,0.0,672.79,151050405.0,15378000.0,166428405.0
Asphalt,13.05,6.0,0.2,2,Weak,Standard,26700.3,1252.8,313.2,861.3,0.0,99284400.0,8613000.0,107897400.0
Asphalt,10.76,5.5,0.25,2,Medium,Premium,25225.48,1301.96,325.49,895.1,0.0,98639744.5,8950975.0,107590719.5
Asphalt,14.77,11.0,0.18,4,Medium,Standard,45329.13,2339.57,584.89,1608.45,0.0,177251520.6,16084530.0,193336050.6
Concrete,2.09,5.5,0.15,2,Strong,Premium,2432.49,1043.17,569.0,0.0,66.38,14212734.11,1517340.0,15730074.11
Asphalt,1.68,5.5,0.2,2,Weak,Standard,3150.84,147.84,36.96,101.64,0.0,11716320.0,1016400.0,12732720.0
Asphalt,5.32,10.0,0.2,4,Medium,Premium,18141.2,936.32,234.08,643.72,0.0,70937944.0,6437200.0,77375144.0
Concrete,3.61,10.0,0.25,4,Medium,Premium,13402.13,5460.12,2978.25,0.0,347.46,75597912.5,7942000.0,83539912.5
Concrete,17.5,6.0,0.18,2,Medium,Standard,25515.0,10395.0,5670.0,0.0,661.5,143923500.0,15120000.0,159043500.0
Asphalt,4.77,7.5,0.18,2,Medium,Standard,9981.22,515.16,128.79,354.17,0.0,39029809.5,3541725.0,42571534.5
Concrete,19.53,6.0,0.25,2,Medium,Premium,43503.08,17723.48,9667.35,0.0,1127.86,245389567.5,25779600.0,271169167.5
Concrete,7.07,7.0,0.18,2,Medium,Premium,13228.68,5389.46,2939.71,0.0,342.97,74619537.3,7839216.0,82458753.3
Asphalt,4.05,5.5,0.22,2,Medium,Standard,7595.78,392.04,98.01,269.53,0.0,29701930.5,2695275.0,32397205.5
Concrete,15.9,11.0,0.15,4,Weak,Premium,42854.87,15872.18,8657.55,0.0,1010.05,226770093.0,23086800.0,249856893.0
Asphalt,13.34,5.5,0.2,2,Weak,Standard,25019.17,1173.92,293.48,807.07,0.0,93033160.0,8070700.0,101103860.0
Concrete,10.21,5.5,0.15,2,Medium,Standard,11371.39,4632.79,2526.98,0.0,294.81,64143048.75,6738600.0,70881648.75
Asphalt,11.33,6.0,0.2,2,Strong,Standard,20020.11,1087.68,271.92,747.78,0.0,80508714.0,7477800.0,87986514.0
Asphalt,14.52,11.0,0.22,4,Medium,Standard,54464.52,2811.07,702.77,1932.61,0.0,212973842.4,19326120.0,232299962.4
Asphalt,4.95,11.0,0.18,4,Medium,Premium,16710.71,862.49,215.62,592.96,0.0,65344247.1,5929605.0,71273852.1
Concrete,19.93,11.0,0.25,4,Medium,Standard,73990.12,30144.13,16442.25,0.0,1918.26,417359112.5,43846000.0,461205112.5
Asphalt,19.51,6.0,0.22,2,Strong,Premium,41713.75,2266.28,566.57,1558.07,0.0,167747331.18,15580686.0,183328017.18
Concrete,13.18,5.5,0.15,2,Strong,Standard,13945.26,5980.42,3262.05,0.0,380.57,81480572.25,8698800.0,90179372.25
Asphalt,4.39,6.0,0.25,2,Medium,Standard,10206.75,526.8,131.7,362.18,0.0,39911685.0,3621750.0,43533435.0
Asphalt,13.76,10.0,0.18,4,Medium,Standard,38390.4,1981.44,495.36,1362.24,0.0,150118848.0,13622400.0,163741248.0
Concrete,1.91,10.0,0.22,4,Strong,Standard,5389.06,2311.1,1260.6,0.0,147.07,31487687.0,3361600.0,34849287.0
Asphalt,1.1,6.0,0.25,2,Medium,Standard,2557.5,132.0,33.0,90.75,0.0,10000650.0,907500.0,10908150.0
Asphalt,5.52,11.0,0.22,4,Medium,Standard,20705.52,1068.67,267.17,734.71,0.0,80965262.4,7347120.0,88312382.4
Concrete,9.52,5.5,0.22,2,Weak,Standard,17106.01,6335.56,3455.76,0.0,403.17,90517873.6,9215360.0,99733233.6
Asphalt,17.43,6.0,0.18,2,Strong,Standard,27718.93,1505.95,376.49,1035.34,0.0,111468684.6,10353420.0,121822104.6
Asphalt,14.68,6.0,0.2,2,Strong,Standard,25939.56,1409.28,352.32,968.88,0.0,104313144.0,9688800.0,114001944.0
Asphalt,14.98,6.0,0.25,2,Weak,Standard,38311.35,1797.6,449.4,1235.85,0.0,142459800.0,12358500.0,154818300.0
Asphalt,8.8,7.0,0.18,2,Medium,Premium,18905.04,975.74,243.94,670.82,0.0,73924804.8,6708240.0,80633044.8
Concrete,7.25,10.0,0.22,4,Medium,Premium,23685.75,9649.75,5263.5,0.0,614.08,133605175.0,14036000.0,147641175.0
Concrete,7.74,11.0,0.18,4,Weak,Standard,22757.92,8428.86,4597.56,0.0,536.38,120425421.6,12260160.0,132685581.6
Asphalt,19.76,7.5,0.2,2,Strong,Standard,43644.9,2371.2,592.8,1630.2,0.0,175513260.0,16302000.0,191815260.0
Concrete,1.28,11.0,0.25,4,Medium,Standard,4752.0,1936.0,1056.0,0.0,123.2,26804800.0,2816000.0,29620800.0
Asphalt,17.41,7.5,0.2,2,Weak,Premium,48978.68,2298.12,574.53,1579.96,0.0,182126010.0,15799575.0,197925585.0
Concrete,11.78,7.0,0.15,2,Medium,Standard,16698.15,6802.95,3710.7,0.0,432.92,94189935.0,9895200.0,104085135.0
Asphalt,9.05,6.0,0.25,2,Medium,Standard,21041.25,1086.0,271.5,746.62,0.0,82278075.0,7466250.0,89744325.0
Asphalt,14.64,7.0,0.2,2,Weak,Standard,34945.68,1639.68,409.92,1127.28,0.0,129944640.0,11272800.0,141217440.0
Asphalt,9.99,7.0,0.22,2,Medium,Standard,23846.13,1230.77,307.69,846.15,0.0,93246060.6,8461530.0,101707590.6
Asphalt,17.53,5.5,0.25,2,Medium,Standard,37360.81,1928.3,482.08,1325.71,0.0,146092828.75,13257062.5,159349891.25
Asphalt,18.06,10.0,0.25,4,Weak,Premium,84678.83,3973.2,993.3,2731.58,0.0,314876100.0,27315750.0,342191850.0
Asphalt,8.72,7.5,0.18,2,Weak,Standard,20071.26,941.76,235.44,647.46,0.0,74634480.0,6474600.0,81109080.0
Concrete,5.9,6.0,0.22,2,Medium,Standard,10513.8,4283.4,2336.4,0.0,272.58,59305620.0,6230400.0,65536020.0
Asphalt,12.05,7.5,0.15,2,Medium,Standard,21012.19,1084.5,271.12,745.59,0.0,82164431.25,7455937.5,89620368.75
Concrete,18.29,11.0,0.2,4,Strong,Standard,51605.24,22130.9,12071.4,0.0,1408.33,301523453.0,32190400.0,333713853.0
Asphalt,4.61,7.5,0.18,2,Strong,Premium,10080.51,547.67,136.92,376.52,0.0,40537700.78,3765217.5,44302918.28
Concrete,12.65,11.0,0.2,4,Strong,Standard,35691.98,15306.5,8349.0,0.0,974.05,208544105.0,22264000.0,230808105.0
Concrete,12.82,10.0,0.15,4,Medium,Premium,28556.55,11634.15,6345.9,0.0,740.36,161080095.0,16922400.0,178002495.0
Concrete,14.8,11.0,0.15,4,Strong,Standard,31318.65,13431.0,7326.0,0.0,854.7,182991270.0,19536000.0,202527270.0
Asphalt,3.07,7.5,0.25,2,Medium,Standard,8922.19,460.5,115.12,316.59,0.0,34888631.25,3165937.5,38054568.75
Asphalt,14.46,7.5,0.15,2,Medium,Premium,27736.09,1431.54,357.89,984.18,0.0,108457049.25,9841837.5,118298886.75
Concrete,18.23,11.0,0.2,4,Weak,Standard,59557.41,22058.3,12031.8,0.0,1403.71,315152948.0,32084800.0,347237748.0
Asphalt,4.0,7.0,0.22,2,Weak,Premium,11553.08,542.08,135.52,372.68,0.0,42959840.0,3726800.0,46686640.0
Concrete,5.13,10.0,0.22,4,Medium,Standard,15236.1,6207.3,3385.8,0.0,395.01,85942890.0,9028800.0,94971690.0
Asphalt,19.44,5.5,0.25,2,Medium,Premium,45574.65,2352.24,588.06,1617.17,0.0,178211583.0,16171650.0,194383233.0
Concrete,4.03,6.0,0.2,2,Medium,Standard,6528.6,2659.8,1450.8,0.0,169.26,36826140.0,3868800.0,40694940.0
Concrete,17.16,7.5,0.2,2,Medium,Standard,34749.0,14157.0,7722.0,0.0,900.9,196010100.0,20592000.0,216602100.0
Asphalt,10.1,6.0,0.15,2,Medium,Premium,15498.45,799.92,199.98,549.95,0.0,60603939.0,5499450.0,66103389.0
Concrete,5.32,5.5,0.2,2,Medium,Premium,8690.22,3540.46,1931.16,0.0,225.3,49019278.0,5149760.0,54169038.0
Asphalt,17.48,6.0,0.18,2,Medium,Premium,32187.67,1661.3,415.32,1142.14,0.0,125864180.64,11421432.0,137285612.64
Concrete,9.18,5.5,0.15,2,Strong,Premium,10684.32,4581.97,2499.26,0.0,291.58,62427224.48,6664680.0,69091904.48
Concrete,10.54,11.0,0.18,4,Strong,Premium,29441.22,12625.87,6886.84,0.0,803.46,172021685.22,18364896.0,190386581.22
Asphalt,7.51,7.0,0.25,2,Medium,Standard,20370.88,1051.4,262.85,722.84,0.0,79656692.5,7228375.0,86885067.5
Asphalt,12.06,7.5,0.22,2,Medium,Standard,30843.45,1591.92,397.98,1094.44,0.0,120607839.0,10944450.0,131552289.0
Asphalt,3.69,5.5,0.25,2,Medium,Standard,7864.31,405.9,101.48,279.06,0.0,30751998.75,2790562.5,33542561.25
Concrete,8.13,6.0,0.22,2,Strong,Standard,13763.28,5902.38,3219.48,0.0,375.61,80417244.6,8585280.0,89002524.6
Asphalt,19.4,7.5,0.25,2,Medium,Standard,56381.25,2910.0,727.5,2000.62,0.0,220468875.0,20006250.0,240475125.0
Concrete,5.53,7.0,0.2,2,Medium,Standard,10451.7,4258.1,2322.6,0.0,270.97,58955330.0,6193600.0,65148930.0
Concrete,13.31,11.0,0.18,4,Weak,Standard,39135.39,14494.59,7906.14,0.0,922.38,207088160.4,21083040.0,228171200.4
Asphalt,6.84,7.5,0.22,2,Medium,Standard,17493.3,902.88,225.72,620.73,0.0,68404446.0,6207300.0,74611746.0
Asphalt,15.58,5.5,0.15,2,Medium,Standard,19922.92,1028.28,257.07,706.94,0.0,77905063.5,7069425.0,84974488.5
Concrete,3.05,7.0,0.18,2,Strong,Standard,4928.65,2113.65,1152.9,0.0,134.51,28797520.5,3074400.0,31871920.5
Concrete,19.41,6.0,0.15,2,Medium,Standard,23583.15,9607.95,5240.7,0.0,611.42,133026435.0,13975200.0,147001635.0
Asphalt,9.35,7.0,0.18,2,Medium,Premium,20086.6,1036.73,259.18,712.75,0.0,78545105.1,7127505.0,85672610.1
Asphalt,5.1,7.0,0.18,2,Strong,Premium,10408.51,565.49,141.37,388.77,0.0,41856714.9,3887730.0,45744444.9
Asphalt,1.93,10.0,0.25,4,Strong,Standard,7104.81,386.0,96.5,265.38,0.0,28571237.5,2653750.0,31224987.5
Asphalt,3.81,7.0,0.22,2,Medium,Standard,9094.47,469.39,117.35,322.71,0.0,35562311.4,3227070.0,38789381.4
Asphalt,10.64,7.0,0.22,2,Medium,Standard,25397.68,1310.85,327.71,901.21,0.0,99313121.6,9012080.0,108325201.6
Concrete,7.07,7.5,0.18,2,Medium,Standard,12885.08,5249.48,2863.35,0.0,334.06,72681367.5,7635600.0,80316967.5
Concrete,16.66,6.0,0.2,2,Strong,Standard,25639.74,10995.6,5997.6,0.0,699.72,149810052.0,15993600.0,165803652.0
Concrete,8.9,7.5,0.2,2,Weak,Standard,19824.75,7342.5,4005.0,0.0,467.25,104904300.0,10680000.0,115584300.0
Concrete,5.35,7.5,0.15,2,Strong,Standard,7719.05,3310.31,1805.62,0.0,210.66,45101503.13,4815000.0,49916503.13
Asphalt,12.53,5.5,0.15,2,Medium,Standard,16022.74,826.98,206.74,568.55,0.0,62654072.25,5685487.5,68339559.75
Asphalt,14.28,7.5,0.25,2,Medium,Premium,45651.38,2356.2,589.05,1619.89,0.0,178511602.5,16198875.0,194710477.5
Asphalt,3.76,10.0,0.18,4,Weak,Premium,12693.38,595.58,148.9,409.46,0.0,47200032.0,4094640.0,51294672.0
Concrete,3.77,10.0,0.15,4,Medium,Standard,7634.25,3110.25,1696.5,0.0,197.92,43062825.0,4524000.0,47586825.0
Concrete,1.22,5.5,0.15,2,Medium,Standard,1358.78,553.58,301.95,0.0,35.23,7664497.5,805200.0,8469697.5
Asphalt,14.86,11.0,0.18,4,Weak,Standard,50165.87,2353.82,588.46,1618.25,0.0,186540552.0,16182540.0,202723092.0
Asphalt,13.44,6.0,0.25,2,Medium,Standard,31248.0,1612.8,403.2,1108.8,0.0,122189760.0,11088000.0,133277760.0
Concrete,9.76,6.0,0.15,2,Strong,Premium,12392.03,5314.32,2898.72,0.0,338.18,72405194.4,7729920.0,80135114.4
Concrete,16.96,7.5,0.25,2,Medium,Standard,42930.0,17490.0,9540.0,0.0,1113.0,242157000.0,25440000.0,267597000.0
Asphalt,16.21,7.5,0.22,2,Medium,Premium,45602.78,2353.69,588.42,1618.16,0.0,178321590.15,16181632.5,194503222.65
Asphalt,11.91,11.0,0.25,4,Weak,Standard,55843.01,2620.2,655.05,1801.39,0.0,207650850.0,18013875.0,225664725.0
Concrete,17.43,7.5,0.2,2,Medium,Premium,38825.33,15817.73,8627.85,0.0,1006.58,219003592.5,23007600.0,242011192.5
Asphalt,4.51,6.0,0.2,2,Weak,Standard,9227.46,432.96,108.24,297.66,0.0,34312080.0,2976600.0,37288680.0
Asphalt,2.68,7.0,0.25,2,Medium,Premium,7996.45,412.72,103.18,283.74,0.0,31268699.0,2837450.0,34106149.0
Asphalt,5.76,10.0,0.2,4,Strong,Standard,16963.2,921.6,230.4,633.6,0.0,68215680.0,6336000.0,74551680.0
Concrete,1.61,7.0,0.22,2,Medium,Standard,3347.19,1363.67,743.82,0.0,86.78,18880631.0,1983520.0,20864151.0
Concrete,10.86,7.0,0.18,2,Weak,Standard,20320.15,7525.98,4105.08,0.0,478.93,107525728.8,10946880.0,118472608.8
Concrete,18.76,6.0,0.2,2,Medium,Standard,30391.2,12381.6,6753.6,0.0,787.92,171428880.0,18009600.0,189438480.0
Concrete,1.27,7.0,0.2,2,Medium,Premium,2640.33,1075.69,586.74,0.0,68.45,14893417.0,1564640.0,16458057.0
Concrete,2.88,11.0,0.25,4,Medium,Premium,11761.2,4791.6,2613.6,0.0,304.92,66341880.0,6969600.0,73311480.0
Concrete,9.32,5.5,0.22,2,Strong,Premium,15909.31,6822.71,3721.48,0.0,434.17,92956268.02,9923936.0,102880204.02
Concrete,18.71,7.5,0.18,2,Strong,Standard,32394.03,13892.18,7577.55,0.0,884.05,189274569.75,20206800.0,209481369.75
Asphalt,6.67,5.5,0.25,2,Medium,Premium,15636.98,807.07,201.77,554.86,0.0,61145640.88,5548606.25,66694247.12
Asphalt,10.39,10.0,0.25,4,Medium,Standard,40261.25,2078.0,519.5,1428.62,0.0,157434475.0,14286250.0,171720725.0
Asphalt,1.31,7.5,0.22,2,Medium,Standard,3350.32,172.92,43.23,118.88,0.0,13100851.5,1188825.0,14289676.5
Asphalt,3.39,7.0,0.18,2,Weak,Standard,7282.74,341.71,85.43,234.93,0.0,27080676.0,2349270.0,29429946.0
Asphalt,19.74,10.0,0.22,4,Medium,Standard,67313.4,3474.24,868.56,2388.54,0.0,263217108.0,23885400.0,287102508.0
Asphalt,19.32,7.5,0.18,2,Medium,Standard,40427.1,2086.56,521.64,1434.51,0.0,158083002.0,14345100.0,172428102.0
Asphalt,0.6,11.0,0.22,4,Medium,Standard,2250.6,116.16,29.04,79.86,0.0,8800572.0,798600.0,9599172.0
Concrete,19.06,11.0,0.25,4,Medium,Standard,70760.25,28828.25,15724.5,0.0,1834.52,399140225.0,41932000.0,441072225.0
Concrete,12.96,11.0,0.25,4,Weak,Premium,58217.94,21562.2,11761.2,0.0,1372.14,308065032.0,31363200.0,339428232.0
Asphalt,17.42,11.0,0.15,4,Medium,Standard,44551.65,2299.44,574.86,1580.86,0.0,174211323.0,15808650.0,190019973.0
Asphalt,9.37,7.0,0.2,2,Weak,Standard,22366.19,1049.44,262.36,721.49,0.0,83168120.0,7214900.0,90383020.0
Concrete,10.55,5.5,0.22,2,Weak,Standard,18956.77,7021.02,3829.65,0.0,446.79,100311299.0,10212400.0,110523699.0
Asphalt,10.03,7.5,0.15,2,Strong,Standard,16615.32,902.7,225.68,620.61,0.0,66816725.62,6206062.5,73022788.12
Asphalt,13.5,7.0,0.2,2,Weak,Standard,32224.5,1512.0,378.0,1039.5,0.0,119826000.0,10395000.0,130221000.0
Concrete,3.22,11.0,0.22,4,Medium,Standard,10519.74,4285.82,2337.72,0.0,272.73,59339126.0,6233920.0,65573046.0
Asphalt,1.08,5.5,0.18,2,Weak,Standard,1822.99,85.54,21.38,58.81,0.0,6778728.0,588060.0,7366788.0
Concrete,6.5,10.0,0.2,4,Strong,Standard,16672.5,7150.0,3900.0,0.0,455.0,97415500.0,10400000.0,107815500.0
Asphalt,14.24,10.0,0.25,4,Medium,Standard,55180.0,2848.0,712.0,1958.0,0.0,215771600.0,19580000.0,235351600.0
Concrete,4.44,10.0,0.15,4,Medium,Premium,9890.1,4029.3,2197.8,0.0,256.41,55787490.0,5860800.0,61648290.0
Concrete,13.63,11.0,0.2,4,Medium,Standard,40481.1,16492.3,8995.8,0.0,1049.51,228343390.0,23988800.0,252332190.0
Concrete,19.41,10.0,0.2,4,Medium,Standard,52407.0,21351.0,11646.0,0.0,1358.7,295614300.0,31056000.0,326670300.0
Asphalt,2.33,6.0,0.25,2,Strong,Premium,5661.03,307.56,76.89,211.45,0.0,22765206.75,2114475.0,24879681.75
Concrete,13.62,7.5,0.22,2,Medium,Standard,30338.55,12360.15,6741.9,0.0,786.56,171131895.0,17978400.0,189110295.0
Asphalt,9.15,7.5,0.18,2,Strong,Standard,18189.06,988.2,247.05,679.39,0.0,73145328.75,6793875.0,79939203.75
Asphalt,17.43,11.0,0.25,4,Strong,Premium,77638.67,4218.06,1054.52,2899.92,0.0,312215528.62,28999162.5,341214691.12
Asphalt,3.95,6.0,0.18,2,Strong,Standard,6281.68,341.28,85.32,234.63,0.0,25261119.0,2346300.0,27607419.0
Asphalt,14.01,7.0,0.22,2,Medium,Standard,33441.87,1726.03,431.51,1186.65,0.0,130768499.4,11866470.0,142634969.4
Concrete,16.84,7.0,0.2,2,Medium,Standard,31827.6,12966.8,7072.8,0.0,825.16,179531240.0,18860800.0,198392040.0
Concrete,18.92,10.0,0.18,4,Medium,Standard,45975.6,18730.8,10216.8,0.0,1191.96,259336440.0,27244800.0,286581240.0
Asphalt,13.82,5.5,0.15,2,Medium,Standard,17672.32,912.12,228.03,627.08,0.0,69104491.5,6270825.0,75375316.5
Asphalt,10.19,7.0,0.15,2,Medium,Standard,16584.23,855.96,213.99,588.47,0.0,64849669.5,5884725.0,70734394.5
Concrete,12.55,5.5,0.25,2,Medium,Standard,23295.94,9490.94,5176.88,0.0,603.97,131406343.75,13805000.0,145211343.75
Asphalt,17.44,7.5,0.22,2,Medium,Standard,44602.8,2302.08,575.52,1582.68,0.0,174411336.0,15826800.0,190238136.0
Concrete,11.63,5.5,0.25,2,Medium,Standard,21588.19,8795.19,4797.38,0.0,559.69,121773368.75,12793000.0,134566368.75
Asphalt,1.09,7.5,0.25,2,Strong,Standard,3009.42,163.5,40.88,112.41,0.0,12102065.62,1124062.5,13226128.12
Asphalt,18.65,6.0,0.25,2,Weak,Standard,47697.38,2238.0,559.5,1538.62,0.0,177361500.0,15386250.0,192747750.0
Concrete,13.95,6.0,0.15,2,Strong,Standard,16101.79,6905.25,3766.5,0.0,439.43,94080892.5,10044000.0,104124892.5
Asphalt,13.69,11.0,0.15,4,Medium,Standard,35012.18,1807.08,451.77,1242.37,0.0,136908898.5,12423675.0,149332573.5
Concrete,4.71,11.0,0.25,4,Strong,Premium,18272.74,7836.26,4274.33,0.0,498.67,106765514.62,11398200.0,118163714.62
Asphalt,13.35,10.0,0.15,4,Medium,Standard,31038.75,1602.0,400.5,1101.38,0.0,121371525.0,11013750.0,132385275.0
Asphalt,8.18,7.0,0.22,2,Medium,Standard,19525.66,1007.78,251.94,692.85,0.0,76351629.2,6928460.0,83280089.2
Asphalt,13.2,10.0,0.25,4,Strong,Standard,48592.5,2640.0,660.0,1815.0,0.0,195409500.0,18150000.0,213559500.0
Concrete,2.58,7.5,0.15,2,Medium,Standard,3918.38,1596.38,870.75,0.0,101.59,22102537.5,2322000.0,24424537.5
Asphalt,13.33,10.0,0.18,4,Strong,Premium,38864.28,2111.47,527.87,1451.64,0.0,156288518.1,14516370.0,170804888.1
Asphalt,19.99,5.5,0.25,2,Medium,Standard,42603.69,2198.9,549.72,1511.74,0.0,166594161.25,15117437.5,181711598.75
Asphalt,1.44,7.5,0.25,2,Medium,Premium,4603.5,237.6,59.4,163.35,0.0,18001170.0,1633500.0,19634670.0
Asphalt,19.55,11.0,0.22,4,Medium,Standard,73332.05,3784.88,946.22,2602.1,0.0,286751971.0,26021050.0,312773021.0
Concrete,8.43,6.0,0.2,2,Medium,Premium,15022.26,6120.18,3338.28,0.0,389.47,84736674.0,8902080.0,93638754.0
Concrete,17.48,11.0,0.2,4,Medium,Standard,51915.6,21150.8,11536.8,0.0,1345.96,292842440.0,30764800.0,323607240.0
Asphalt,15.76,7.0,0.22,2,Weak,Premium,45519.14,2135.8,533.95,1468.36,0.0,169261769.6,14683592.0,183945361.6
Concrete,11.56,7.5,0.22,2,Medium,Standard,25749.9,10490.7,5722.2,0.0,667.59,145248510.0,15259200.0,160507710.0
Asphalt,14.9,7.5,0.22,2,Weak,Standard,41917.43,1966.8,491.7,1352.18,0.0,155868900.0,13521750.0,169390650.0
Asphalt,17.63,5.5,0.2,2,Strong,Standard,28556.19,1551.44,387.86,1066.62,0.0,114835649.5,10666150.0,125501799.5
Asphalt,8.38,7.0,0.22,2,Strong,Standard,19002.91,1032.42,258.1,709.79,0.0,76418141.8,7097860.0,83516001.8
Concrete,6.88,6.0,0.15,2,Medium,Premium,9195.12,3746.16,2043.36,0.0,238.39,51867288.0,5448960.0,57316248.0
Concrete,13.52,7.5,0.25,2,Medium,Standard,34222.5,13942.5,7605.0,0.0,887.25,193040250.0,20280000.0,213320250.0
Concrete,16.25,7.5,0.25,2,Medium,Standard,41132.81,16757.81,9140.62,0.0,1066.41,232019531.25,24375000.0,256394531.25
Concrete,15.36,5.5,0.18,2,Medium,Premium,22581.5,9199.87,5018.11,0.0,585.45,127376409.6,13381632.0,140758041.6
Concrete,16.06,10.0,0.18,4,Strong,Standard,37074.51,15899.4,8672.4,0.0,1011.78,216622098.0,23126400.0,239748498.0
Concrete,8.99,6.0,0.25,2,Strong,Premium,19023.96,8158.43,4450.05,0.0,519.17,111154832.25,11866800.0,123021632.25
Concrete,16.45,11.0,0.15,4,Medium,Premium,40306.61,16421.21,8957.03,0.0,1044.99,227359151.25,23885400.0,251244551.25
Concrete,2.84,7.0,0.2,2,Medium,Standard,5367.6,2186.8,1192.8,0.0,139.16,30277240.0,3180800.0,33458040.0
Concrete,11.12,7.5,0.2,2,Medium,Premium,24769.8,10091.4,5504.4,0.0,642.18,139720020.0,14678400.0,154398420.0
Asphalt,0.61,7.5,0.15,2,Strong,Standard,1010.5,54.9,13.72,37.74,0.0,4063629.38,377437.5,4441066.88
Concrete,6.83,11.0,0.2,4,Weak,Standard,22313.61,8264.3,4507.8,0.0,525.91,118074308.0,12020800.0,130095108.0
Concrete,7.65,6.0,0.22,2,Medium,Standard,13632.3,5553.9,3029.4,0.0,353.43,76896270.0,8078400.0,84974670.0
Concrete,8.23,10.0,0.25,4,Medium,Standard,27776.25,11316.25,6172.5,0.0,720.13,156678625.0,16460000.0,173138625.0
Concrete,14.06,7.5,0.25,2,Medium,Premium,39148.31,15949.31,8699.62,0.0,1014.96,220825481.25,23199000.0,244024481.25
Concrete,8.08,6.0,0.15,2,Weak,Premium,11878.81,4399.56,2399.76,0.0,279.97,62857713.6,6399360.0,69257073.6
Concrete,9.25,11.0,0.2,4,Strong,Standard,26098.88,11192.5,6105.0,0.0,712.25,152492725.0,16280000.0,168772725.0
Concrete,5.13,5.5,0.18,2,Weak,Standard,7541.87,2793.29,1523.61,0.0,177.75,39908424.6,4062960.0,43971384.6
Concrete,7.78,10.0,0.18,4,Medium,Premium,20795.94,8472.42,4621.32,0.0,539.15,117304506.0,12323520.0,129628026.0
Concrete,4.93,7.0,0.2,2,Medium,Standard,9317.7,3796.1,2070.6,0.0,241.57,52558730.0,5521600.0,58080330.0
Concrete,1.93,7.5,0.18,2,Medium,Standard,3517.42,1433.02,781.65,0.0,91.19,19840882.5,2084400.0,21925282.5
Concrete,12.27,6.0,0.15,2,Medium,Standard,14908.05,6073.65,3312.9,0.0,386.51,84092445.0,8834400.0,92926845.0
Asphalt,13.53,5.5,0.15,2,Medium,Premium,19031.64,982.28,245.57,675.32,0.0,74419836.97,6753161.25,81172998.22
Asphalt,12.58,7.0,0.2,2,Weak,Standard,30028.46,1408.96,352.24,968.66,0.0,111660080.0,9686600.0,121346680.0
Concrete,9.54,6.0,0.18,2,Weak,Premium,16830.28,6233.44,3400.06,0.0,396.67,89058800.16,9066816.0,98125616.16
Concrete,7.91,6.0,0.15,2,Medium,Premium,10571.72,4307.0,2349.27,0.0,274.08,59632303.5,6264720.0,65897023.5
Asphalt,17.34,7.0,0.15,2,Medium,Standard,28220.85,1456.56,364.14,1001.38,0.0,110352627.0,10013850.0,120366477.0
